symbol,name_ar,name_en,sector,business_class,vision2030_theme,event_exposure_overall,primary_event_driver,event_confidence,seasonal_hajj_exposure,seasonal_ramadan_exposure,seasonal_primary_drivers,index_membership_summary,source_type,source_freshness_status,review_priority,classification_risk
1010,بنك الرياض,Riyad Bank,البنوك,financial,financial_sector_development,none,none,not_available,none,none,none,TASI:needs_verification,official,current,none,low
1020,بنك الجزيرة,Bank Aljazira,البنوك,financial,financial_sector_development,none,none,not_available,none,none,none,TASI:needs_verification,official,current,none,low
1030,البنك السعودي للاستثمار,Saudi Investment Bank,البنوك,financial,financial_sector_development,none,none,not_available,none,none,none,TASI:needs_verification,official,current,none,low
1050,البنك السعودي الفرنسي,Banque Saudi Fransi,البنوك,financial,financial_sector_development,none,none,not_available,none,none,none,TASI:needs_verification,official,current,none,low
1060,البنك السعودي الأول,Saudi Awwal Bank,البنوك,financial,financial_sector_development,none,none,not_available,none,none,none,TASI:needs_verification,official,current,none,low
1080,البنك العربي الوطني,Arab National Bank,البنوك,financial,financial_sector_development,none,none,not_available,none,none,none,TASI:needs_verification,official,current,none,low
1111,شركة مجموعة تداول السعودية القابضة,Saudi Tadawul Group Holding Co.,الخدمات المالية,financial_services,financial_sector_development,none,none,not_available,none,none,none,TASI:needs_verification,official,current,none,low
1120,مصرف الراجحي,Al Rajhi Bank,البنوك,financial,financial_sector_development,none,none,not_available,none,none,none,TASI:needs_verification,official,current,none,low
1140,بنك البلاد,Bank Albilad,البنوك,financial,financial_sector_development,none,none,not_available,none,none,none,TASI:needs_verification,official,current,none,low
1150,مصرف الإنماء,Alinma Bank,البنوك,financial,financial_sector_development,none,none,not_available,none,none,none,TASI:needs_verification,official,current,none,low
1180,البنك الأهلي السعودي,SNB,البنوك,financial,financial_sector_development,none,none,not_available,none,none,none,TASI:needs_verification,official,current,none,low
1182,شركة أملاك العالمية للتمويل,Amlak International Finance Co.,الخدمات المالية,financial_services,financial_sector_development,none,none,not_available,none,none,none,TASI:needs_verification,official,current,none,low
1183,شركة سهل للتمويل,SHL Finance Co.,الخدمات المالية,financial_services,financial_sector_development,none,none,not_available,none,none,none,TASI:needs_verification,official,current,none,low
1201,تكوين,Takween,المواد الأساسية,basic_materials,industrial_development,none,none,not_available,none,none,none,TASI:needs_verification,official,current,none,low
1202,مبكو,MEPCO,المواد الأساسية,basic_materials,industrial_development,none,none,not_available,none,none,none,TASI:needs_verification,official,current,none,low
1210,بي سي آي,BCI,المواد الأساسية,basic_materials,industrial_development,none,none,not_available,none,none,none,TASI:needs_verification,official,current,none,low
1211,معادن,Maaden,المواد الأساسية,basic_materials,industrial_development,none,none,not_available,none,none,none,TASI:needs_verification,official,current,none,low
1212,مجموعة أسترا الصناعية,Astra Industrial Group,السلع الرأسمالية,capital_goods,industrial_development,none,none,not_available,none,none,none,TASI:needs_verification,official,current,none,low
1213,شركة نسيج العالمية التجارية,Naseej International Trading Co.,تجزئة وتوزيع السلع الكمالية,consumer_retail,quality_of_life_and_retail,none,none,not_available,none,none,none,TASI:needs_verification,official,current,none,low
1214,شركة الحسن غازي إبراهيم شاكر,Al Hassan Ghazi Ibrahim Shaker Co.,تجزئة وتوزيع السلع الكمالية,consumer_retail,quality_of_life_and_retail,none,none,not_available,none,none,none,TASI:needs_verification,official,current,none,low
1301,أسلاك,Aslak,السلع الرأسمالية,capital_goods,industrial_development,medium,venue_construction,low,none,none,none,TASI:needs_verification,official,current,medium,medium
1302,بوان,Bawan,السلع الرأسمالية,capital_goods,industrial_development,medium,venue_construction,medium,none,none,none,TASI:needs_verification,official,current,none,low
1303,صناعات كهربائية,Electrical Industries,السلع الرأسمالية,capital_goods,industrial_development,none,none,not_available,none,none,none,TASI:needs_verification,official,current,none,low
1304,شركة اليمامة للصناعات الحديدية,Al Yamamah Steel Industries Co.,السلع الرأسمالية,capital_goods,industrial_development,medium,venue_construction,low,none,none,none,TASI:needs_verification,official,current,medium,medium
1320,الشركة السعودية لأنابيب الصلب,Saudi Steel Pipe Co.,السلع الرأسمالية,capital_goods,industrial_development,medium,venue_construction,low,none,none,none,TASI:needs_verification,official,current,medium,medium
1321,شركة أنابيب الشرق المتكاملة للصناعة,East Pipes Integrated Company for Industry,السلع الرأسمالية,capital_goods,industrial_development,medium,venue_construction,low,none,none,none,TASI:needs_verification,official,current,medium,medium
1322,أماك,AMAK,المواد الأساسية,basic_materials,industrial_development,none,none,not_available,none,none,none,TASI:needs_verification,official,current,none,low
1323,الشركة المتحدة لصناعات الكرتون,United Carton Industries Co.,السلع الرأسمالية,capital_goods,industrial_development,none,none,not_available,none,none,none,TASI:needs_verification,official,current,none,low
1324,شركة صالح عبدالعزيز الراشد وأولاده,Saleh Abdulaziz Al Rashed and Sons Co.,السلع الرأسمالية,capital_goods,industrial_development,none,none,not_available,none,none,none,TASI:needs_verification,official,current,none,low
1810,مجموعة سيرا القابضة,Seera Group Holding,الخدمات الاستهلاكية,consumer_services,quality_of_life_and_retail,high,hospitality_tourism,medium,medium,none,hospitality,TASI:needs_verification,official,current,none,low
1820,شركة مجموعة بان القابضة,BAAN Holding Group Co.,الخدمات الاستهلاكية,consumer_services,quality_of_life_and_retail,none,none,not_available,none,none,none,TASI:needs_verification,official,current,none,low
1830,لجام للرياضة,Leejam Sports,الخدمات الاستهلاكية,consumer_services,quality_of_life_and_retail,high,event_services,medium,none,none,none,TASI:needs_verification,official,current,none,low
1831,مهارة,Maharah,الخدمات التجارية والمهنية,commercial_services,labor_market_and_services,medium,facilities_management,medium,none,none,none,TASI:needs_verification,official,current,none,low
1832,صدر,Sadr Logistics,النقل,transportation_logistics,logistics_and_transport,none,none,not_available,none,none,none,TASI:needs_verification,official,current,none,low
1833,الموارد,Al Mawarid,الخدمات التجارية والمهنية,commercial_services,labor_market_and_services,medium,facilities_management,low,none,none,none,TASI:needs_verification,official,current,medium,medium
1834,الشركة السعودية لحلول القوى البشرية,Saudi Manpower Solutions Co.,الخدمات التجارية والمهنية,commercial_services,labor_market_and_services,none,none,not_available,none,none,none,TASI:needs_verification,official,current,none,low
1835,شركة تمكين للموارد البشرية,Tamkeen Human Resource Co.,الخدمات التجارية والمهنية,commercial_services,labor_market_and_services,medium,facilities_management,low,none,none,none,TASI:needs_verification,official,current,medium,medium
2001,شركة كيمائيات الميثانول,Methanol Chemicals Co.,المواد الأساسية,basic_materials,industrial_development,none,none,not_available,none,none,none,TASI:needs_verification,official,current,none,low
2002,الشركة الوطنية للبتروكيماويات,National Petrochemical Co.,المواد الأساسية,basic_materials,industrial_development,none,none,not_available,none,none,none,TASI:needs_verification,official,current,none,low
2010,سابك,SABIC,المواد الأساسية,basic_materials,industrial_development,none,none,not_available,none,none,none,TASI:needs_verification,official,current,none,low
2020,سابك للمغذيات الزراعية,SABIC Agri-Nutrients,المواد الأساسية,basic_materials,food_security_and_industry,none,none,not_available,none,none,none,TASI:needs_verification,official,current,none,low
2030,شركة المصافي العربية السعودية,Saudi Arabia Refineries Co.,الطاقة,energy,energy,none,none,not_available,none,none,none,TASI:needs_verification,official,current,none,low
2040,الخزف السعودي,Saudi Ceramics,السلع الرأسمالية,capital_goods,industrial_development,medium,venue_construction,low,none,none,none,TASI:needs_verification,official,current,medium,medium
2050,مجموعة صافولا,Savola Group,إنتاج الأغذية,food_production,food_security_and_industry,none,none,not_available,none,high,consumer_goods,TASI:needs_verification,official,current,none,low
2060,شركة التصنيع الوطنية,National Industrialization Co.,المواد الأساسية,basic_materials,industrial_development,none,none,not_available,none,none,none,TASI:needs_verification,official,current,none,low
2070,الشركة السعودية للصناعات الدوائية والمستلزمات الطبية,Saudi Pharmaceutical Industries and Medical Appliances Corp.,الرعاية الصحية,healthcare,healthcare_quality,none,none,not_available,none,none,none,TASI:needs_verification,official,current,none,low
2080,شركة الغاز والتصنيع الأهلية القابضة,Alghaz Waltsnae Company Eligibility Alqabida,الطاقة,energy,energy,none,none,not_available,none,none,none,TASI:needs_verification,official,current,none,low
2081,شركة الخريف لتقنية المياه والطاقة,Alkhorayef Water and Power Technologies Co.,الطاقة,energy,energy,none,none,not_available,none,none,none,TASI:needs_verification,official,current,none,low
2082,أكوا باور,ACWA Power,المرافق العامة,utilities,renewable_energy_and_utilities,none,none,not_available,none,none,none,TASI:needs_verification,official,current,none,low
2083,مرافق,Marafiq,المرافق العامة,utilities,utilities_and_infrastructure,none,none,not_available,none,none,none,TASI:needs_verification,official,current,none,low
2084,شركة مياهنا,Miahona Co.,الطاقة,energy,energy,none,none,not_available,none,none,none,TASI:needs_verification,official,current,none,low
2090,شركة الجبس الأهلية,National Gypsum Co.,المواد الأساسية,basic_materials,industrial_development,none,none,not_available,none,none,none,TASI:needs_verification,official,current,none,low
2100,شركة وفرة للصناعة والتنمية,Wafrah for Industry and Development Co.,إنتاج الأغذية,food_production,food_security_and_industry,none,none,not_available,none,none,none,TASI:needs_verification,official,current,none,low
2110,شركة الكابلات السعودية,Saudi Cable Co.,السلع الرأسمالية,capital_goods,industrial_development,medium,venue_construction,medium,none,none,none,TASI:needs_verification,official,current,none,low
2120,الشركة السعودية للصناعات المتطورة,Saudi Advanced Industries Co.,الخدمات المالية,financial_services,financial_sector_development,none,none,not_available,none,none,none,TASI:needs_verification,official,current,none,low
2130,الشركة السعودية للتنمية الصناعية,Saudi Industrial Development Co.,السلع الرأسمالية,capital_goods,industrial_development,none,none,not_available,none,none,none,TASI:needs_verification,official,current,none,low
2140,شركة أيان للإستثمار,AYYAN Investment Co.,الرعاية الصحية,healthcare,healthcare_quality,none,none,not_available,none,none,none,TASI:needs_verification,official,current,none,low
2150,شركة الصناعات الزجاجية الوطنية,The National Company for Glass Industries,المواد الأساسية,basic_materials,industrial_development,none,none,not_available,none,none,none,TASI:needs_verification,official,current,none,low
2160,شركة أميانتيت العربية السعودية,Saudi Arabian Amiantit Co.,المواد الأساسية,basic_materials,industrial_development,none,none,not_available,none,none,none,TASI:needs_verification,official,current,none,low
2170,شركة اللجين,Alujain Corp.,المواد الأساسية,basic_materials,industrial_development,none,none,not_available,none,none,none,TASI:needs_verification,official,current,none,low
2180,شركة تصنيع مواد التعبئة والتغليف,Filing and Packing Materials Manufacturing Co.,المواد الأساسية,basic_materials,industrial_development,none,none,not_available,none,none,none,TASI:needs_verification,official,current,none,low
2190,شركة البنى التحتية المستدامة القابضة,Sustained Infrastructure Holding Co.,النقل,transportation_logistics,logistics_and_transport,none,none,not_available,none,none,none,TASI:needs_verification,official,current,none,low
2200,الشركة العربية للأنابيب,Arabian Pipes Co.,المواد الأساسية,basic_materials,industrial_development,none,none,not_available,none,none,none,TASI:needs_verification,official,current,none,low
2210,شركة نماء للكيماويات,Nama Chemicals Co.,المواد الأساسية,basic_materials,industrial_development,none,none,not_available,none,none,none,TASI:needs_verification,official,current,none,low
2220,الشركة الوطنية لتصنيع وسبك المعادن,National Metal Manufacturing and Casting Co.,المواد الأساسية,basic_materials,industrial_development,none,none,not_available,none,none,none,TASI:needs_verification,official,current,none,low
2222,أرامكو السعودية,Saudi Aramco,الطاقة,energy,energy,none,none,not_available,none,none,none,TASI:needs_verification,official,current,none,low
2223,شركة أرامكو السعودية لزيوت الأساس,Saudi Aramco Base Oil Co.,الطاقة,energy,energy,none,none,not_available,none,none,none,TASI:needs_verification,official,current,none,low
2230,الشركة الكيميائية السعودية القابضة,Saudi Chemical Co.,المواد الأساسية,basic_materials,industrial_development,none,none,not_available,none,none,none,TASI:needs_verification,official,current,none,low
2240,شركة صناعات البناء المتقدمة,Advanced Building Industries Co.,المواد الأساسية,basic_materials,industrial_development,none,none,not_available,none,none,none,TASI:needs_verification,official,current,none,low
2250,المجموعة السعودية للإستثمار الصناعي,Saudi Industrial Investment Group,المواد الأساسية,basic_materials,industrial_development,none,none,not_available,none,none,none,TASI:needs_verification,official,current,none,low
2260,شركة الصحراء للبتروكيماويات,Sahara Petrochemical Co.,المواد الأساسية,basic_materials,industrial_development,none,none,not_available,none,none,none,TASI:needs_verification,official,current,none,low
2270,الشركة السعودية لمنتجات الألبان والأغذية,Saudia Dairy and Foodstuff Co.,إنتاج الأغذية,food_production,food_security_and_industry,none,none,not_available,none,low,food_retail,TASI:needs_verification,official,current,medium,medium
2280,شركة المراعي,Almarai Co.,إنتاج الأغذية,food_production,food_security_and_industry,none,none,not_available,none,high,food_retail,TASI:needs_verification,official,current,none,low
2281,شركة التنمية الغذائية,Tanmiah Food Co.,إنتاج الأغذية,food_production,food_security_and_industry,none,none,not_available,none,none,none,TASI:needs_verification,official,current,none,low
2282,شركة نقي للمياه,Naqi Water Co.,إنتاج الأغذية,food_production,food_security_and_industry,none,none,not_available,none,none,none,TASI:needs_verification,official,current,none,low
2283,شركة المطاحن الأولى,First Milling Co.,إنتاج الأغذية,food_production,food_security_and_industry,none,none,not_available,none,none,none,TASI:needs_verification,official,current,none,low
2284,شركة المطاحن الحديثة للمنتجات الغذائية,Modern Mills for Food Products Co.,إنتاج الأغذية,food_production,food_security_and_industry,none,none,not_available,none,none,none,TASI:needs_verification,official,current,none,low
2285,شركة المطاحن العربية للمنتجات الغذائية,Arabian Mills for Food Products Co.,إنتاج الأغذية,food_production,food_security_and_industry,none,none,not_available,none,none,none,TASI:needs_verification,official,current,none,low
2286,شركة المطاحن الرابعة,Fourth Milling Co.,إنتاج الأغذية,food_production,food_security_and_industry,none,none,not_available,none,none,none,TASI:needs_verification,official,current,none,low
2287,الشركة العربية للاستثمار الزراعي والصناعي,Arabian Company for Agricultural and Industrial Investment,إنتاج الأغذية,food_production,food_security_and_industry,none,none,not_available,none,none,none,TASI:needs_verification,official,current,none,low
2288,شركة نفوذ للمنتجات الغذائية,Nofoth Food Products Co.,إنتاج الأغذية,food_production,food_security_and_industry,none,none,not_available,none,none,none,TASI:needs_verification,official,current,none,low
2290,شركة ينبع الوطنية للبتروكيماويات,Yanbu National Petrochemical Co.,المواد الأساسية,basic_materials,industrial_development,none,none,not_available,none,none,none,TASI:needs_verification,official,current,none,low
2300,الشركة السعودية لصناعة الورق,Saudi Paper Manufacturing Co.,المواد الأساسية,basic_materials,industrial_development,none,none,not_available,none,none,none,TASI:needs_verification,official,current,none,low
2310,شركة الصحراء العالمية للبتروكيماويات,Sahara International Petrochemical Co.,المواد الأساسية,basic_materials,industrial_development,none,none,not_available,none,none,none,TASI:needs_verification,official,current,none,low
2320,شركة البابطين للطاقة والإتصالات,Al-Babtain Power and Telecommunication Co.,السلع الرأسمالية,capital_goods,industrial_development,none,none,not_available,none,none,none,TASI:needs_verification,official,current,none,low
2330,الشركة المتقدمة للبتروكيماويات,Advanced Petrochemical Co.,المواد الأساسية,basic_materials,industrial_development,none,none,not_available,none,none,none,TASI:needs_verification,official,current,none,low
2340,شركة ارتيكس للاستثمار الصناعي,ARTEX Industrial Investment Co.,تجزئة وتوزيع السلع الكمالية,consumer_retail,quality_of_life_and_retail,none,none,not_available,none,none,none,TASI:needs_verification,official,current,none,low
2350,شركة كيان السعودية للبتروكيماويات,Saudi Kayan Petrochemical Co.,المواد الأساسية,basic_materials,industrial_development,none,none,not_available,none,none,none,TASI:needs_verification,official,current,none,low
2360,الشركة السعودية لإنتاج الأنابيب الفخارية,Saudi Vitrified Clay Pipes Co.,المواد الأساسية,basic_materials,industrial_development,none,none,not_available,none,none,none,TASI:needs_verification,official,current,none,low
2370,شركة الشرق الأوسط للكابلات المتخصصة,Middle East Specialized Cables Co.,المواد الأساسية,basic_materials,industrial_development,none,none,not_available,none,none,none,TASI:needs_verification,official,current,none,low
2380,بترو رابغ,Petro Rabigh,الطاقة,energy,energy,none,none,not_available,none,none,none,TASI:needs_verification,official,current,none,low
2381,الحفر العربية,Arabian Drilling,الطاقة,energy,energy,none,none,not_available,none,none,none,TASI:needs_verification,official,current,none,low
2382,أديس,ADES,الطاقة,energy,energy,none,none,not_available,none,none,none,TASI:needs_verification,official,current,none,low
3001,شركة أسمنت حائل,Hail Cement Co.,المواد الأساسية,basic_materials,industrial_development,none,none,not_available,none,none,none,TASI:needs_verification,official,current,none,low
3002,شركة أسمنت نجران,Najran Cement Co.,المواد الأساسية,basic_materials,industrial_development,none,none,not_available,none,none,none,TASI:needs_verification,official,current,none,low
3003,شركة أسمنت المدينة,City Cement Co.,المواد الأساسية,basic_materials,industrial_development,none,none,not_available,none,none,none,TASI:needs_verification,official,current,none,low
3004,شركة أسمنت المنطقة الشمالية,Northern Region Cement Co.,المواد الأساسية,basic_materials,industrial_development,none,none,not_available,none,none,none,TASI:needs_verification,official,current,none,low
3005,شركة أسمنت ام القرى,Umm Al-Qura Cement Co.,المواد الأساسية,basic_materials,industrial_development,none,none,not_available,none,none,none,TASI:needs_verification,official,current,none,low
3007,شركة زهرة الواحة للتجارة,Zahrat Al Waha for Trading Co.,المواد الأساسية,basic_materials,industrial_development,none,none,not_available,none,none,none,TASI:needs_verification,official,current,none,low
3008,شركة الكثيري القابضة,Al Kathiri Holding Co.,المواد الأساسية,basic_materials,industrial_development,none,none,not_available,none,none,none,TASI:needs_verification,official,current,none,low
3010,شركة الأسمنت العربية,Arabian Cement Co.,المواد الأساسية,basic_materials,industrial_development,medium,venue_construction,low,none,none,none,TASI:needs_verification,official,current,medium,medium
3020,شركة أسمنت اليمامة,Yamama Cement Co.,المواد الأساسية,basic_materials,industrial_development,medium,venue_construction,medium,none,none,none,TASI:needs_verification,official,current,none,low
3030,شركة الأسمنت السعودية,Saudi Cement Co.,المواد الأساسية,basic_materials,industrial_development,medium,venue_construction,low,none,none,none,TASI:needs_verification,official,current,medium,medium
3040,شركة أسمنت القصيم,Qassim Cement Co.,المواد الأساسية,basic_materials,industrial_development,none,none,not_available,none,none,none,TASI:needs_verification,official,current,none,low
3050,شركة أسمنت المنطقة الجنوبية,Southern Province Cement Co.,المواد الأساسية,basic_materials,industrial_development,medium,venue_construction,low,none,none,none,TASI:needs_verification,official,current,medium,medium
3060,شركة أسمنت ينبع,Yanbu Cement Co.,المواد الأساسية,basic_materials,industrial_development,none,none,not_available,none,none,none,TASI:needs_verification,official,current,none,low
3080,شركة أسمنت المنطقة الشرقية,Eastern Province Cement Co.,المواد الأساسية,basic_materials,industrial_development,none,none,not_available,none,none,none,TASI:needs_verification,official,current,none,low
3090,شركة أسمنت تبوك,Tabuk Cement Co.,المواد الأساسية,basic_materials,industrial_development,none,none,not_available,none,none,none,TASI:needs_verification,official,current,none,low
3091,شركة أسمنت الجوف,Al Jouf Cement Co.,المواد الأساسية,basic_materials,industrial_development,none,none,not_available,none,none,none,TASI:needs_verification,official,current,none,low
3092,شركة أسمنت الرياض,Riyadh Cement Co.,المواد الأساسية,basic_materials,industrial_development,high,venue_construction,medium,none,none,none,TASI:needs_verification,official,current,none,low
4001,أسواق عبدالله العثيم,Al Othaim Markets,تجزئة الأغذية,consumer_defensive,food_security_and_retail,none,none,not_available,none,none,none,TASI:needs_verification,official,current,none,low
4002,المواساة,Mouwasat,الرعاية الصحية,healthcare,healthcare_quality,none,none,not_available,none,none,none,TASI:needs_verification,official,current,none,low
4003,إكسترا,eXtra,تجزئة وتوزيع السلع الكمالية,consumer_retail,quality_of_life_and_retail,none,none,not_available,none,none,none,TASI:needs_verification,official,current,none,low
4004,دله الصحية,Dallah Healthcare,الرعاية الصحية,healthcare,healthcare_quality,none,none,not_available,none,none,none,TASI:needs_verification,official,current,none,low
4005,رعاية,Care,الرعاية الصحية,healthcare,healthcare_quality,none,none,not_available,none,none,none,TASI:needs_verification,official,current,none,low
4006,الشركة السعودية للتسويق,Saudi Marketing Co.,تجزئة وتوزيع السلع الكمالية,consumer_retail,quality_of_life_and_retail,none,none,not_available,none,none,none,TASI:needs_verification,official,current,none,low
4007,الحمادي,Al Hammadi,الرعاية الصحية,healthcare,healthcare_quality,none,none,not_available,none,none,none,TASI:needs_verification,official,current,none,low
4008,الشركة السعودية للعدد والأدوات,Saudi Company for Hardware,تجزئة وتوزيع السلع الكمالية,consumer_retail,quality_of_life_and_retail,none,none,not_available,none,none,none,TASI:needs_verification,official,current,none,low
4009,السعودي الألماني الصحية,Saudi German Health,الرعاية الصحية,healthcare,healthcare_quality,none,none,not_available,none,none,none,TASI:needs_verification,official,current,none,low
4010,شركة دور للضيافة,Dur Hospitality Co.,الخدمات الاستهلاكية,consumer_services,quality_of_life_and_retail,high,hospitality_tourism,high,high,none,hospitality,TASI:needs_verification,official,current,none,low
4011,شركة لازوردي للمجوهرات,Lazurde Company for Jewelry,تجزئة وتوزيع السلع الكمالية,consumer_retail,quality_of_life_and_retail,none,none,not_available,none,none,none,TASI:needs_verification,official,current,none,low
4012,شركة ثوب الأصيل,Thob Al Aseel Co.,تجزئة وتوزيع السلع الكمالية,consumer_retail,quality_of_life_and_retail,none,none,not_available,none,none,none,TASI:needs_verification,official,current,none,low
4013,مجموعة سليمان الحبيب,Sulaiman Al Habib,الرعاية الصحية,healthcare,healthcare_quality,none,none,not_available,none,none,none,TASI:needs_verification,official,current,none,low
4014,شركة دار المعدات الطبية والعلمية,Scientific and Medical Equipment House Co.,الرعاية الصحية,healthcare,healthcare_quality,none,none,not_available,none,none,none,TASI:needs_verification,official,current,none,low
4015,شركة مصنع جمجوم للأدوية,Jamjoom Pharmaceuticals Factory Co.,الرعاية الصحية,healthcare,healthcare_quality,none,none,not_available,none,none,none,TASI:needs_verification,official,current,none,low
4016,شركة الشرق الأوسط للصناعات الدوائية,Middle East Pharmaceutical Industries Co.,الرعاية الصحية,healthcare,healthcare_quality,none,none,not_available,none,none,none,TASI:needs_verification,official,current,none,low
4017,فقيه الطبية,Fakeeh Care,الرعاية الصحية,healthcare,healthcare_quality,none,none,not_available,none,none,none,TASI:needs_verification,official,current,none,low
4018,شركة الموسى الصحية,Almoosa Health Co.,الرعاية الصحية,healthcare,healthcare_quality,none,none,not_available,none,none,none,TASI:needs_verification,official,current,none,low
4019,الشركة الطبية التخصصية,Specialized Medical Co.,الرعاية الصحية,healthcare,healthcare_quality,none,none,not_available,none,none,none,TASI:needs_verification,official,current,none,low
4020,الشركة العقارية السعودية,Saudi Real Estate Co.,إدارة وتطوير العقارات,real_estate,housing_and_real_estate,high,urban_infrastructure,medium,none,none,none,TASI:needs_verification,official,current,none,low
4021,شركة مجمع المركز الكندي الطبي العام,Canadian Medical Center Co.,الرعاية الصحية,healthcare,healthcare_quality,none,none,not_available,none,none,none,TASI:needs_verification,official,current,none,low
4030,البحري,Bahri,النقل,transportation_logistics,logistics_and_transport,none,none,not_available,none,none,none,TASI:needs_verification,official,current,none,low
4031,الخدمات الأرضية,Saudi Ground Services,النقل,transportation_logistics,logistics_and_transport,high,transport_mobility,medium,high,none,ground_services,TASI:needs_verification,official,current,none,low
4040,الشركة السعودية للنقل الجماعي,Saudi Public Transport Co.,النقل,transportation_logistics,logistics_and_transport,high,transport_mobility,high,medium,none,transport,TASI:needs_verification,official,current,none,low
4050,الشركة السعودية لخدمات السيارات والمعدات,Saudi Automotive Services Co.,تجزئة وتوزيع السلع الكمالية,consumer_retail,quality_of_life_and_retail,none,none,not_available,none,none,none,TASI:needs_verification,official,current,none,low
4051,شركة باعظيم التجارية,Baazeem Trading Co.,تجزئة وتوزيع السلع الكمالية,consumer_retail,quality_of_life_and_retail,none,none,not_available,none,none,none,TASI:needs_verification,official,current,none,low
4061,مجموعة أنعام الدولية القابضة,Anaam International Holding Group,إنتاج الأغذية,food_production,food_security_and_industry,none,none,not_available,none,none,none,TASI:needs_verification,official,current,none,low
4070,شركة تهامة للإعلان والعلاقات العامة والتسويق,"Tihama Advertising, Public Relations and Marketing Co.",الخدمات التجارية والمهنية,commercial_services,labor_market_and_services,medium,media_advertising,medium,none,medium,advertising_media,TASI:needs_verification,official,current,medium,medium
4071,الشركة العربية للتعهدات الفنية,Arabian Contracting Services Co.,الخدمات التجارية والمهنية,commercial_services,labor_market_and_services,none,none,not_available,none,none,none,TASI:needs_verification,official,current,none,low
4072,شركة مجموعة إم بي سي,MBC Group Co.,الخدمات الاستهلاكية,consumer_services,quality_of_life_and_retail,high,media_advertising,medium,none,high,advertising_media,TASI:needs_verification,official,current,none,low
4080,شركة سناد القابضة,Sinad Holding Co.,تجزئة وتوزيع السلع الكمالية,consumer_retail,quality_of_life_and_retail,none,none,not_available,none,none,none,TASI:needs_verification,official,current,none,low
4081,شركة النايفات للتمويل,Nayifat Finance Co.,الخدمات المالية,financial_services,financial_sector_development,none,none,not_available,none,none,none,TASI:needs_verification,official,current,none,low
4082,شركة المرابحة المرنة للتمويل,Morabaha Marina Financing Co.,الخدمات المالية,financial_services,financial_sector_development,none,none,not_available,none,none,none,TASI:needs_verification,official,current,none,low
4083,الشركة المتحدة الدولية القابضة,United International Holding Co.,الخدمات المالية,financial_services,financial_sector_development,none,none,not_available,none,none,none,TASI:needs_verification,official,current,none,low
4084,شركة دراية المالية,Derayah Financial Co.,الخدمات المالية,financial_services,financial_sector_development,none,none,not_available,none,none,none,TASI:needs_verification,official,current,none,low
4090,شركة طيبة للإستثمار,Taiba Investments Co.,إدارة وتطوير العقارات,real_estate,housing_and_real_estate,medium,hospitality_tourism,low,medium,none,real_estate_makkah_madinah,TASI:needs_verification,official,current,medium,medium
4100,شركة مكة للإنشاء والتعمير,Makkah Construction and Development Co.,إدارة وتطوير العقارات,real_estate,housing_and_real_estate,medium,urban_infrastructure,low,medium,none,real_estate_makkah_madinah,TASI:needs_verification,official,current,medium,medium
4110,شركة باتك للإستثمار والأعمال اللوجستية,Batic Investments and Logistics Co.,النقل,transportation_logistics,logistics_and_transport,none,none,not_available,none,none,none,TASI:needs_verification,official,current,none,low
4130,شركة درب السعودية الأستثمارية,Saudi Darb Investment Co.,الخدمات المالية,financial_services,financial_sector_development,none,none,not_available,none,none,none,TASI:needs_verification,official,current,none,low
4140,الشركة السعودية للصادرات الصناعية,Saudi Industrial Export Co.,السلع الرأسمالية,capital_goods,industrial_development,none,none,not_available,none,none,none,TASI:needs_verification,official,current,none,low
4141,شركة العمران للصناعة والتجارة,Al-Omran Industrial Trading Co.,السلع الرأسمالية,capital_goods,industrial_development,none,none,not_available,none,none,none,TASI:needs_verification,official,current,none,low
4142,شركة مجموعة كابلات الرياض,Riyadh Cables Group Co.,السلع الرأسمالية,capital_goods,industrial_development,medium,venue_construction,medium,none,none,none,TASI:needs_verification,official,current,none,low
4143,شركة مجموعة التيسير تالكو الصناعية,Al Taiseer Group Talco Industrial Co.,السلع الرأسمالية,capital_goods,industrial_development,none,none,not_available,none,none,none,TASI:needs_verification,official,current,none,low
4144,شركة رؤوم التجارية,Raoom Trading Co.,تجزئة وتوزيع السلع الكمالية,consumer_retail,quality_of_life_and_retail,none,none,not_available,none,none,none,TASI:needs_verification,official,current,none,low
4145,شركة العبيكان للزجاج,Obeikan Glass Co.,السلع الرأسمالية,capital_goods,industrial_development,medium,venue_construction,low,none,none,none,TASI:needs_verification,official,current,medium,medium
4146,شركة جاز العربية للخدمات,Gas Arabian Services Co.,السلع الرأسمالية,capital_goods,industrial_development,none,none,not_available,none,none,none,TASI:needs_verification,official,current,none,low
4147,شركة اتحاد جروننفلدر سعدي القابضة,Consolidated Grunenfelder Saady Holding Co.,تجزئة وتوزيع السلع الكمالية,consumer_retail,quality_of_life_and_retail,none,none,not_available,none,none,none,TASI:needs_verification,official,current,none,low
4148,شركة الوسائل الصناعية,Alwasail Industrial Co.,السلع الرأسمالية,capital_goods,industrial_development,none,none,not_available,none,none,none,TASI:needs_verification,official,current,none,low
4150,شركة الرياض للتعمير,Arriyadh Development Co.,إدارة وتطوير العقارات,real_estate,housing_and_real_estate,high,urban_infrastructure,medium,none,none,none,TASI:needs_verification,official,current,none,low
4160,شركة ثمار التنمية القابضة,Thimar Development Holding Co.,الخدمات التجارية والمهنية,commercial_services,labor_market_and_services,none,none,not_available,none,none,none,TASI:needs_verification,official,current,none,low
4161,شركة بن داود القابضة,BinDawood Holding Co.,تجزئة الأغذية,consumer_defensive,food_security_and_retail,none,none,not_available,medium,high,food_retail,TASI:needs_verification,official,current,medium,medium
4162,شركة المنجم للأغذية,Almunajem Foods Co.,الخدمات التجارية والمهنية,commercial_services,labor_market_and_services,none,none,not_available,none,none,none,TASI:needs_verification,official,current,none,low
4163,الدواء,Aldawaa,تجزئة وتوزيع السلع الكمالية,consumer_retail,healthcare_access,none,none,not_available,none,none,none,TASI:needs_verification,official,current,none,low
4164,النهدي الطبية,Nahdi Medical,تجزئة وتوزيع السلع الكمالية,consumer_retail,healthcare_access,none,none,not_available,none,none,none,TASI:needs_verification,official,current,none,low
4165,شركة الماجد للعود,Al Majed Oud Co.,تجزئة وتوزيع السلع الكمالية,consumer_retail,quality_of_life_and_retail,none,none,not_available,none,none,none,TASI:needs_verification,official,current,none,low
4170,شركة المشروعات السياحية,Tourism Enterprise Co.,الخدمات الاستهلاكية,consumer_services,quality_of_life_and_retail,high,hospitality_tourism,medium,medium,none,hospitality,TASI:needs_verification,official,current,medium,medium
4180,مجموعة فتيحي القابضة,Fitaihi Holding Group,تجزئة وتوزيع السلع الكمالية,consumer_retail,quality_of_life_and_retail,none,none,not_available,none,none,none,TASI:needs_verification,official,current,none,low
4190,جرير,Jarir,تجزئة وتوزيع السلع الكمالية,consumer_retail,quality_of_life_and_retail,none,none,not_available,none,none,none,TASI:needs_verification,official,current,none,low
4191,شركة عبد الله سعد محمد أبو معطي للمكتبات,Abdullah Saad Mohammed Abo Moati for Bookstores Co.,تجزئة وتوزيع السلع الكمالية,consumer_retail,quality_of_life_and_retail,none,none,not_available,none,none,none,TASI:needs_verification,official,current,none,low
4192,شركة متاجر السيف للتنمية والاستثمار,AlSaif Stores for Development and Investment Co.,تجزئة وتوزيع السلع الكمالية,consumer_retail,quality_of_life_and_retail,none,none,not_available,none,none,none,TASI:needs_verification,official,current,none,low
4193,شركة نايس ون بيوتي للتسويق الإلكتروني,Nice One Beauty Digital Marketing Co.,تجزئة وتوزيع السلع الكمالية,consumer_retail,quality_of_life_and_retail,none,none,not_available,none,none,none,TASI:needs_verification,official,current,none,low
4194,شركة مجموعة منزل التسويق للتجارة,Marketing Home Group for Trading Co.,تجزئة وتوزيع السلع الكمالية,consumer_retail,quality_of_life_and_retail,none,none,not_available,none,none,none,TASI:needs_verification,official,current,none,low
4200,شركة الدريس للخدمات البترولية و النقليات,Aldrees Petroleum and Transport Services Co.,الطاقة,energy,energy,none,none,not_available,none,none,none,TASI:needs_verification,official,current,none,low
4210,المجموعة السعودية للأبحاث والإعلام,Saudi Research and Media Group,الخدمات الاستهلاكية,consumer_services,quality_of_life_and_retail,medium,media_advertising,medium,none,medium,advertising_media,TASI:needs_verification,official,current,none,low
4220,إعمار المدينة الإقتصادية,Emaar The Economic City,إدارة وتطوير العقارات,real_estate,housing_and_real_estate,medium,urban_infrastructure,medium,none,none,none,TASI:needs_verification,official,current,none,low
4230,شركة البحر الأحمر العالمية,Red Sea International Co.,إدارة وتطوير العقارات,real_estate,housing_and_real_estate,medium,hospitality_tourism,medium,none,none,none,TASI:needs_verification,official,current,none,low
4240,شركة إيه إف جي إنترناشونال,AFG International Co.,تجزئة وتوزيع السلع الكمالية,consumer_retail,quality_of_life_and_retail,none,none,not_available,none,none,none,TASI:needs_verification,official,current,none,low
4250,شركة جبل عمر للتطوير,Jabal Omar Development Co.,إدارة وتطوير العقارات,real_estate,housing_and_real_estate,medium,hospitality_tourism,medium,high,none,real_estate_makkah_madinah,TASI:needs_verification,official,current,none,low
4260,الشركة المتحدة الدولية للمواصلات,United International Transportation Co.,النقل,transportation_logistics,logistics_and_transport,medium,transport_mobility,low,none,none,none,TASI:needs_verification,official,current,medium,medium
4261,شركة ذيب لتأجير السيارات,Theeb Rent a Car Co.,النقل,transportation_logistics,logistics_and_transport,medium,transport_mobility,medium,low,none,transport,TASI:needs_verification,official,current,medium,medium
4262,شركة لومي للتأجير,Lumi Rental Co.,النقل,transportation_logistics,logistics_and_transport,medium,transport_mobility,medium,none,none,none,TASI:needs_verification,official,current,none,low
4263,شركة سال السعودية للخدمات اللوجستية,SAL Saudi Logistics Services Co.,النقل,transportation_logistics,logistics_and_transport,medium,transport_mobility,medium,none,none,none,TASI:needs_verification,official,current,none,low
4264,شركة طيران ناس,Flynas Co.,النقل,transportation_logistics,logistics_and_transport,high,transport_mobility,medium,high,none,airlines,TASI:needs_verification,official,current,none,low
4265,شركة شري للتجارة,Cherry Trading Co.,النقل,transportation_logistics,logistics_and_transport,none,none,not_available,none,none,none,TASI:needs_verification,official,current,none,low
4270,الشركة السعودية للطباعة والتغليف,Saudi Printing and Packaging Co.,الخدمات التجارية والمهنية,commercial_services,labor_market_and_services,none,none,not_available,none,none,none,TASI:needs_verification,official,current,none,low
4280,شركة المملكة القابضة,Kingdom Holding Co.,الخدمات المالية,financial_services,financial_sector_development,none,none,not_available,none,none,none,TASI:needs_verification,official,current,none,low
4290,شركة الخليج للتدريب والتعليم,Alkhaleej Training and Education Co.,الخدمات الاستهلاكية,consumer_services,quality_of_life_and_retail,none,none,not_available,none,none,none,TASI:needs_verification,official,current,none,low
4291,الشركة الوطنية للتربية و التعليم,National Company for Learning and Education,الخدمات الاستهلاكية,consumer_services,quality_of_life_and_retail,none,none,not_available,none,none,none,TASI:needs_verification,official,current,none,low
4292,شركة عطاء التعليمية,Ataa Educational Co.,الخدمات الاستهلاكية,consumer_services,quality_of_life_and_retail,none,none,not_available,none,none,none,TASI:needs_verification,official,current,none,low
4300,دار الأركان,Dar Al Arkan,إدارة وتطوير العقارات,real_estate,housing_and_real_estate,high,urban_infrastructure,high,none,none,none,TASI:needs_verification,official,current,none,low
4310,مدينة المعرفة,Knowledge City,إدارة وتطوير العقارات,real_estate,housing_and_real_estate,none,none,not_available,none,none,none,TASI:needs_verification,official,current,none,low
4320,الأندلس,Al Andalus,إدارة وتطوير العقارات,real_estate,quality_of_life_and_retail,medium,urban_infrastructure,low,none,none,none,TASI:needs_verification,official,current,medium,medium
4321,المراكز العربية,Arabian Centres,إدارة وتطوير العقارات,real_estate,quality_of_life_and_retail,medium,urban_infrastructure,medium,none,none,none,TASI:needs_verification,official,current,none,low
4322,رتال,Retal,إدارة وتطوير العقارات,real_estate,housing_and_real_estate,medium,venue_construction,medium,none,none,none,TASI:needs_verification,official,current,none,low
4323,شركة سمو العقارية,Sumou Real Estate Co.,إدارة وتطوير العقارات,real_estate,housing_and_real_estate,medium,urban_infrastructure,low,none,none,none,TASI:needs_verification,official,current,medium,medium
4324,شركة بنان العقارية,Banan Real Estate Co.,إدارة وتطوير العقارات,real_estate,housing_and_real_estate,none,none,not_available,none,none,none,TASI:needs_verification,official,current,none,low
4325,شركة أم القرى للتنمية والإعمار,Umm Al Qura for Development and Construction Co.,إدارة وتطوير العقارات,real_estate,housing_and_real_estate,none,none,not_available,none,none,none,TASI:needs_verification,official,current,none,low
4326,شركة دار الماجد العقارية,Dar Al Majed Real Estate Co.,إدارة وتطوير العقارات,real_estate,housing_and_real_estate,none,none,not_available,none,none,none,TASI:needs_verification,official,current,none,low
4327,شركة الرمز للعقارات,Alramz Real Estate Co.,إدارة وتطوير العقارات,real_estate,housing_and_real_estate,none,none,not_available,none,none,none,TASI:needs_verification,official,current,none,low
5110,الشركة السعودية للطاقة,Saudi Energy Co.,المرافق العامة,utilities,utilities_and_infrastructure,none,none,not_available,none,none,none,TASI:needs_verification,official,current,none,low
6001,حلواني إخوان,Halwani Bros,إنتاج الأغذية,food_production,food_security_and_industry,none,none,not_available,none,none,none,TASI:needs_verification,official,current,none,low
6002,هرفي للأغذية,Herfy Food Services,الخدمات الاستهلاكية,consumer_services,quality_of_life_and_retail,medium,food_catering,medium,none,medium,restaurants,TASI:needs_verification,official,current,none,low
6004,شركة كاتريون للتموين القابضة,CATRION Catering Holding Co.,الخدمات الاستهلاكية,consumer_services,quality_of_life_and_retail,high,food_catering,high,medium,none,hospitality,TASI:needs_verification,official,current,medium,medium
6010,نادك,NADEC,إنتاج الأغذية,food_production,food_security_and_industry,none,none,not_available,none,medium,food_retail,TASI:needs_verification,official,current,none,low
6012,شركة ريدان الغذائية,Raydan Food Co.,الخدمات الاستهلاكية,consumer_services,quality_of_life_and_retail,medium,food_catering,low,none,medium,restaurants,TASI:needs_verification,official,current,medium,medium
6013,شركة الأعمال التطويرية الغذائية,Development Works Food Co.,الخدمات الاستهلاكية,consumer_services,quality_of_life_and_retail,none,none,not_available,none,none,none,TASI:needs_verification,official,current,none,low
6014,شركة الآمار الغذائية,Alamar Foods Co.,الخدمات الاستهلاكية,consumer_services,quality_of_life_and_retail,none,none,not_available,none,none,none,TASI:needs_verification,official,current,none,low
6015,شركة أمريكانا للمطاعم العالمية بي إل سي - شركة أجنبية,Americana Restaurants International PLC - Foreign Company,الخدمات الاستهلاكية,consumer_services,quality_of_life_and_retail,medium,food_catering,low,none,medium,restaurants,TASI:needs_verification,official,current,medium,medium
6016,شركة مطاعم بيت الشطيرة للوجبات السريعة,Shatirah House Restaurant Co.,الخدمات الاستهلاكية,consumer_services,quality_of_life_and_retail,none,none,not_available,none,none,none,TASI:needs_verification,official,current,none,low
6017,شركة جاهز الدولية لتقنية نظم المعلومات,Jahez International Company for Information System Technology,الخدمات الاستهلاكية,consumer_services,quality_of_life_and_retail,none,none,not_available,none,none,none,TASI:needs_verification,official,current,none,low
6018,شركة الأندية للرياضة,Sport Clubs Co.,الخدمات الاستهلاكية,consumer_services,quality_of_life_and_retail,high,event_services,medium,none,none,none,TASI:needs_verification,official,current,none,low
6019,شركة المسار الشامل للتعليم,Al Masar Al Shamil Education Co.,الخدمات الاستهلاكية,consumer_services,quality_of_life_and_retail,none,none,not_available,none,none,none,TASI:needs_verification,official,current,none,low
6020,جاكو,JACO,إنتاج الأغذية,food_production,food_security_and_industry,none,none,not_available,none,none,none,TASI:needs_verification,official,current,none,low
6030,شركة حائل للتنمية الزراعية,Hail Agriculture Development Co.,إنتاج الأغذية,food_production,food_security_and_industry,none,none,not_available,none,none,none,TASI:needs_verification,official,current,none,low
6040,شركة تبوك للتنمية الزراعية,Tabuk Agricultural Development Co.,إنتاج الأغذية,food_production,food_security_and_industry,none,none,not_available,none,none,none,TASI:needs_verification,official,current,none,low
6050,الشركة السعودية للأسماك,Saudi Fisheries Co.,إنتاج الأغذية,food_production,food_security_and_industry,none,none,not_available,none,none,none,TASI:needs_verification,official,current,none,low
6060,شركة الشرقية للتنمية,Ash-Sharqiyah Development Co.,إنتاج الأغذية,food_production,food_security_and_industry,none,none,not_available,none,none,none,TASI:needs_verification,official,current,none,low
6070,شركة الجوف الزراعية,Al-Jouf Agricultural Development Co.,إنتاج الأغذية,food_production,food_security_and_industry,none,none,not_available,none,none,none,TASI:needs_verification,official,current,none,low
6080,شركة بيشة للتنمية الزراعية,Bishah Agricultural Development Co.,إنتاج الأغذية,food_production,food_security_and_industry,none,none,not_available,none,none,none,TASI:needs_verification,official,current,none,low
6090,شركة جازان للتنمية والاستثمار,Jazan Development and Investment Co.,إنتاج الأغذية,food_production,food_security_and_industry,none,none,not_available,none,none,none,TASI:needs_verification,official,current,none,low
7010,stc,stc,الاتصالات,digital_infrastructure,digital_transformation,high,digital_connectivity,high,medium,medium,telecom,TASI:needs_verification,official,current,none,low
7020,اتحاد اتصالات,Mobily,الاتصالات,digital_infrastructure,digital_transformation,high,digital_connectivity,medium,none,none,none,TASI:needs_verification,official,current,none,low
7030,زين السعودية,Zain KSA,الاتصالات,digital_infrastructure,digital_transformation,high,digital_connectivity,medium,none,none,none,TASI:needs_verification,official,current,none,low
7040,عذيب للاتصالات,GO Telecom,الاتصالات,digital_infrastructure,digital_transformation,none,none,not_available,none,none,none,TASI:needs_verification,official,current,none,low
7200,شركة المعمر لأنظمة المعلومات,Al Moammar Information Systems Co.,الاتصالات,digital_infrastructure,digital_transformation,none,none,not_available,none,none,none,TASI:needs_verification,official,current,none,low
7201,شركة بحر العرب لأنظمة المعلومات,Arab Sea Information System Co.,الاتصالات,digital_infrastructure,digital_transformation,none,none,not_available,none,none,none,TASI:needs_verification,official,current,none,low
7202,سلوشنز,solutions by stc,الاتصالات,digital_infrastructure,digital_transformation,medium,digital_connectivity,medium,none,none,none,TASI:needs_verification,official,current,none,low
7203,شركة علم,Elm Co.,الاتصالات,digital_infrastructure,digital_transformation,medium,digital_connectivity,medium,none,none,none,TASI:needs_verification,official,current,none,low
7204,شركة العرض المتقن للخدمات التجارية,Perfect Presentation for Commercial Services Co.,الاتصالات,digital_infrastructure,digital_transformation,medium,event_services,low,none,none,none,TASI:needs_verification,official,current,medium,medium
7205,شرکة دار البلد لحلول الأعمال,Dar Albalad for Business Solutions Co.,الاتصالات,digital_infrastructure,digital_transformation,none,none,not_available,none,none,none,TASI:needs_verification,official,current,none,low
7211,شركة عزم السعودية للاتصالات وتقنية المعلومات,Saudi Azm for Communication and Information Technology Co.,الاتصالات,digital_infrastructure,digital_transformation,none,none,not_available,none,none,none,TASI:needs_verification,official,current,none,low
8010,التعاونية,Tawuniya,التأمين,insurance,financial_sector_development,none,none,not_available,none,none,none,TASI:needs_verification,official,current,none,low
8012,شركة الجزيرة تكافل تعاوني,Aljazira Takaful Taawuni Co.,التأمين,insurance,financial_sector_development,none,none,not_available,none,none,none,TASI:needs_verification,official,current,none,low
8020,شركة ملاذ للتأمين التعاوني,Malath Cooperative Insurance Co.,التأمين,insurance,financial_sector_development,none,none,not_available,none,none,none,TASI:needs_verification,official,current,none,low
8030,ميدغلف للتأمين,MedGulf,التأمين,insurance,financial_sector_development,none,none,not_available,none,none,none,TASI:needs_verification,official,current,none,low
8040,شركة متكاملة للتأمين,Mutakamela Insurance Co.,التأمين,insurance,financial_sector_development,none,none,not_available,none,none,none,TASI:needs_verification,official,current,none,low
8050,شركة سلامة للتأمين التعاوني,Salama Cooperative Insurance Co.,التأمين,insurance,financial_sector_development,none,none,not_available,none,none,none,TASI:needs_verification,official,current,none,low
8060,ولاء,Walaa,التأمين,insurance,financial_sector_development,none,none,not_available,none,none,none,TASI:needs_verification,official,current,none,low
8070,شركة الدرع العربي للتأمين التعاوني,Arabian Shield Cooperative Insurance Co.,التأمين,insurance,financial_sector_development,none,none,not_available,none,none,none,TASI:needs_verification,official,current,none,low
8100,الشركة العربية السعودية للتأمين التعاوني,Saudi Arabian Cooperative Insurance Co.,التأمين,insurance,financial_sector_development,none,none,not_available,none,none,none,TASI:needs_verification,official,current,none,low
8120,شركة إتحاد الخليج الأهلية للتأمين التعاوني,Gulf Union Alahlia Cooperative Insurance Co.,التأمين,insurance,financial_sector_development,none,none,not_available,none,none,none,TASI:needs_verification,official,current,none,low
8150,المجموعة المتحدة للتأمين التعاوني,Allied Cooperative Insurance Group,التأمين,insurance,financial_sector_development,none,none,not_available,none,none,none,TASI:needs_verification,official,current,none,low
8160,شركة التأمين العربية التعاونية,Arabia Insurance Cooperative Co.,التأمين,insurance,financial_sector_development,none,none,not_available,none,none,none,TASI:needs_verification,official,current,none,low
8170,شركة الاتحاد للتأمين التعاوني,Al-Etihad Cooperative Insurance Co.,التأمين,insurance,financial_sector_development,none,none,not_available,none,none,none,TASI:needs_verification,official,current,none,low
8180,شركة الصقر للتأمين التعاوني,Al Sagr Cooperative Insurance Co.,التأمين,insurance,financial_sector_development,none,none,not_available,none,none,none,TASI:needs_verification,official,current,none,low
8190,الشركة المتحدة للتأمين التعاوني,United Cooperative Assurance Co.,التأمين,insurance,financial_sector_development,none,none,not_available,none,none,none,TASI:needs_verification,official,current,none,low
8200,الشركة السعودية لإعادة التأمين,Saudi Reinsurance Co.,التأمين,insurance,financial_sector_development,none,none,not_available,none,none,none,TASI:needs_verification,official,current,none,low
8210,بوبا العربية,Bupa Arabia,التأمين,insurance,healthcare_access,none,none,not_available,none,none,none,TASI:needs_verification,official,current,none,low
8230,تكافل الراجحي,Al Rajhi Takaful,التأمين,insurance,financial_sector_development,none,none,not_available,none,none,none,TASI:needs_verification,official,current,none,low
8240,شركة تْشب العربية للتأمين التعاوني,CHUBB Arabia Cooperative Insurance Co.,التأمين,insurance,financial_sector_development,none,none,not_available,none,none,none,TASI:needs_verification,official,current,none,low
8250,مجموعة الخليج للتأمين,Gulf Insurance Group,التأمين,insurance,financial_sector_development,none,none,not_available,none,none,none,TASI:needs_verification,official,current,none,low
8260,الشركة الخليجية العامة للتأمين التعاوني,Gulf General Cooperative Insurance Co.,التأمين,insurance,financial_sector_development,none,none,not_available,none,none,none,TASI:needs_verification,official,current,none,low
8270,شركة بروج للتأمين التعاوني,Buruj Cooperative Insurance Co.,التأمين,insurance,financial_sector_development,none,none,not_available,none,none,none,TASI:needs_verification,official,current,none,low
8280,شركة ليفا للتأمين,LIVA Insurance Co.,التأمين,insurance,financial_sector_development,none,none,not_available,none,none,none,TASI:needs_verification,official,current,none,low
8300,الشركة الوطنية للتأمين,Wataniya Insurance Co.,التأمين,insurance,financial_sector_development,none,none,not_available,none,none,none,TASI:needs_verification,official,current,none,low
8310,شركة أمانة للتأمين التعاوني,Amana Cooperative Insurance Co.,التأمين,insurance,financial_sector_development,none,none,not_available,none,none,none,TASI:needs_verification,official,current,none,low
8311,شركة عناية السعودية للتأمين التعاوني,Saudi Enaya Cooperative Insurance Co.,التأمين,insurance,financial_sector_development,none,none,not_available,none,none,none,TASI:needs_verification,official,current,none,low
8312,شركة الإنماء طوكيو مارين,Alinma Tokio Marine Co.,التأمين,insurance,financial_sector_development,none,none,not_available,none,none,none,TASI:needs_verification,official,current,none,low
8313,شركة رسن لتقنية المعلومات,Rasan Information Technology Co.,التأمين,insurance,financial_sector_development,none,none,not_available,none,none,none,TASI:needs_verification,official,current,none,low
