symbol,name_ar,name_en,market,sector,industry,business_class,vision2030_theme,source_quality,source_note,last_reviewed,official_profile_url,source_type
1010,بنك الرياض,Riyad Bank,main,البنوك,Banks,financial,financial_sector_development,official,Official Saudi Exchange company profile link added.,2026-06-28,https://www.saudiexchange.sa/wps/portal/saudiexchange/hidden/company-profile-main/%21ut/p/z1/04_Sj9CPykssy0xPLMnMz0vMAfIjo8ziTR3NDIw8LAz83d2MXA0C3SydAl1c3Q0NvE30I4EKzBEKDMKcTQzMDPxN3H19LAzdTU31w8syU8v1wwkpK8hOMgUA-oskdg%21%21/?companySymbol=1010,official
1020,بنك الجزيرة,Bank Aljazira,main,البنوك,Banks,financial,financial_sector_development,official,Official Saudi Exchange company profile link added.,2026-06-28,https://www.saudiexchange.sa/wps/portal/saudiexchange/hidden/company-profile-main/%21ut/p/z1/04_Sj9CPykssy0xPLMnMz0vMAfIjo8ziTR3NDIw8LAz83d2MXA0C3SydAl1c3Q0NvE30I4EKzBEKDMKcTQzMDPxN3H19LAzdTU31w8syU8v1wwkpK8hOMgUA-oskdg%21%21/?companySymbol=1020,official
1030,البنك السعودي للاستثمار,Saudi Investment Bank,main,البنوك,Banks,financial,financial_sector_development,official,Official Saudi Exchange company profile link added.,2026-06-28,https://www.saudiexchange.sa/wps/portal/saudiexchange/hidden/company-profile-main/%21ut/p/z1/04_Sj9CPykssy0xPLMnMz0vMAfIjo8ziTR3NDIw8LAz83d2MXA0C3SydAl1c3Q0NvE30I4EKzBEKDMKcTQzMDPxN3H19LAzdTU31w8syU8v1wwkpK8hOMgUA-oskdg%21%21/?companySymbol=1030,official
1050,البنك السعودي الفرنسي,Banque Saudi Fransi,main,البنوك,Banks,financial,financial_sector_development,official,Official Saudi Exchange company profile link added.,2026-06-28,https://www.saudiexchange.sa/wps/portal/saudiexchange/hidden/company-profile-main/%21ut/p/z1/04_Sj9CPykssy0xPLMnMz0vMAfIjo8ziTR3NDIw8LAz83d2MXA0C3SydAl1c3Q0NvE30I4EKzBEKDMKcTQzMDPxN3H19LAzdTU31w8syU8v1wwkpK8hOMgUA-oskdg%21%21/?companySymbol=1050,official
1060,البنك السعودي الأول,Saudi Awwal Bank,main,البنوك,Banks,financial,financial_sector_development,official,Official Saudi Exchange company profile link added.,2026-06-28,https://www.saudiexchange.sa/wps/portal/saudiexchange/hidden/company-profile-main/%21ut/p/z1/04_Sj9CPykssy0xPLMnMz0vMAfIjo8ziTR3NDIw8LAz83d2MXA0C3SydAl1c3Q0NvE30I4EKzBEKDMKcTQzMDPxN3H19LAzdTU31w8syU8v1wwkpK8hOMgUA-oskdg%21%21/?companySymbol=1060,official
1080,البنك العربي الوطني,Arab National Bank,main,البنوك,Banks,financial,financial_sector_development,official,Official Saudi Exchange company profile link added.,2026-06-28,https://www.saudiexchange.sa/wps/portal/saudiexchange/hidden/company-profile-main/%21ut/p/z1/04_Sj9CPykssy0xPLMnMz0vMAfIjo8ziTR3NDIw8LAz83d2MXA0C3SydAl1c3Q0NvE30I4EKzBEKDMKcTQzMDPxN3H19LAzdTU31w8syU8v1wwkpK8hOMgUA-oskdg%21%21/?companySymbol=1080,official
1111,شركة مجموعة تداول السعودية القابضة,Saudi Tadawul Group Holding Co.,M,الخدمات المالية,,financial_services,unclassified,official,Official Saudi Exchange company profile link added.,2026-06-28,https://www.saudiexchange.sa/wps/portal/saudiexchange/hidden/company-profile-main/%21ut/p/z1/04_Sj9CPykssy0xPLMnMz0vMAfIjo8ziTR3NDIw8LAz83d2MXA0C3SydAl1c3Q0NvE30I4EKzBEKDMKcTQzMDPxN3H19LAzdTU31w8syU8v1wwkpK8hOMgUA-oskdg%21%21/?companySymbol=1111,official
1120,مصرف الراجحي,Al Rajhi Bank,main,البنوك,Banks,financial,financial_sector_development,official,Official Saudi Exchange company profile link added.,2026-06-28,https://www.saudiexchange.sa/wps/portal/saudiexchange/hidden/company-profile-main/%21ut/p/z1/04_Sj9CPykssy0xPLMnMz0vMAfIjo8ziTR3NDIw8LAz83d2MXA0C3SydAl1c3Q0NvE30I4EKzBEKDMKcTQzMDPxN3H19LAzdTU31w8syU8v1wwkpK8hOMgUA-oskdg%21%21/?companySymbol=1120,official
1140,بنك البلاد,Bank Albilad,main,البنوك,Banks,financial,financial_sector_development,official,Official Saudi Exchange company profile link added.,2026-06-28,https://www.saudiexchange.sa/wps/portal/saudiexchange/hidden/company-profile-main/%21ut/p/z1/04_Sj9CPykssy0xPLMnMz0vMAfIjo8ziTR3NDIw8LAz83d2MXA0C3SydAl1c3Q0NvE30I4EKzBEKDMKcTQzMDPxN3H19LAzdTU31w8syU8v1wwkpK8hOMgUA-oskdg%21%21/?companySymbol=1140,official
1150,مصرف الإنماء,Alinma Bank,main,البنوك,Banks,financial,financial_sector_development,official,Official Saudi Exchange company profile link added.,2026-06-28,https://www.saudiexchange.sa/wps/portal/saudiexchange/hidden/company-profile-main/%21ut/p/z1/04_Sj9CPykssy0xPLMnMz0vMAfIjo8ziTR3NDIw8LAz83d2MXA0C3SydAl1c3Q0NvE30I4EKzBEKDMKcTQzMDPxN3H19LAzdTU31w8syU8v1wwkpK8hOMgUA-oskdg%21%21/?companySymbol=1150,official
1180,البنك الأهلي السعودي,SNB,main,البنوك,Banks,financial,financial_sector_development,official,Official Saudi Exchange company profile link added.,2026-06-28,https://www.saudiexchange.sa/wps/portal/saudiexchange/hidden/company-profile-main/%21ut/p/z1/04_Sj9CPykssy0xPLMnMz0vMAfIjo8ziTR3NDIw8LAz83d2MXA0C3SydAl1c3Q0NvE30I4EKzBEKDMKcTQzMDPxN3H19LAzdTU31w8syU8v1wwkpK8hOMgUA-oskdg%21%21/?companySymbol=1180,official
1182,شركة أملاك العالمية للتمويل,Amlak International Finance Co.,M,الخدمات المالية,,financial_services,unclassified,official,Official Saudi Exchange company profile link added.,2026-06-28,https://www.saudiexchange.sa/wps/portal/saudiexchange/hidden/company-profile-main/%21ut/p/z1/04_Sj9CPykssy0xPLMnMz0vMAfIjo8ziTR3NDIw8LAz83d2MXA0C3SydAl1c3Q0NvE30I4EKzBEKDMKcTQzMDPxN3H19LAzdTU31w8syU8v1wwkpK8hOMgUA-oskdg%21%21/?companySymbol=1182,official
1183,شركة سهل للتمويل,SHL Finance Co.,M,الخدمات المالية,,financial_services,unclassified,official,Official Saudi Exchange company profile link added.,2026-06-28,https://www.saudiexchange.sa/wps/portal/saudiexchange/hidden/company-profile-main/%21ut/p/z1/04_Sj9CPykssy0xPLMnMz0vMAfIjo8ziTR3NDIw8LAz83d2MXA0C3SydAl1c3Q0NvE30I4EKzBEKDMKcTQzMDPxN3H19LAzdTU31w8syU8v1wwkpK8hOMgUA-oskdg%21%21/?companySymbol=1183,official
1201,تكوين,Takween,main,المواد الأساسية,Materials,basic_materials,industrial_development,official,Official Saudi Exchange company profile link added.,2026-06-28,https://www.saudiexchange.sa/wps/portal/saudiexchange/hidden/company-profile-main/%21ut/p/z1/04_Sj9CPykssy0xPLMnMz0vMAfIjo8ziTR3NDIw8LAz83d2MXA0C3SydAl1c3Q0NvE30I4EKzBEKDMKcTQzMDPxN3H19LAzdTU31w8syU8v1wwkpK8hOMgUA-oskdg%21%21/?companySymbol=1201,official
1202,مبكو,MEPCO,main,المواد الأساسية,Materials,basic_materials,industrial_development,official,Official Saudi Exchange company profile link added.,2026-06-28,https://www.saudiexchange.sa/wps/portal/saudiexchange/hidden/company-profile-main/%21ut/p/z1/04_Sj9CPykssy0xPLMnMz0vMAfIjo8ziTR3NDIw8LAz83d2MXA0C3SydAl1c3Q0NvE30I4EKzBEKDMKcTQzMDPxN3H19LAzdTU31w8syU8v1wwkpK8hOMgUA-oskdg%21%21/?companySymbol=1202,official
1210,بي سي آي,BCI,main,المواد الأساسية,Chemicals,basic_materials,industrial_development,official,Official Saudi Exchange company profile link added.,2026-06-28,https://www.saudiexchange.sa/wps/portal/saudiexchange/hidden/company-profile-main/%21ut/p/z1/04_Sj9CPykssy0xPLMnMz0vMAfIjo8ziTR3NDIw8LAz83d2MXA0C3SydAl1c3Q0NvE30I4EKzBEKDMKcTQzMDPxN3H19LAzdTU31w8syU8v1wwkpK8hOMgUA-oskdg%21%21/?companySymbol=1210,official
1211,معادن,Maaden,main,المواد الأساسية,Mining,basic_materials,industrial_development,official,Official Saudi Exchange company profile link added.,2026-06-28,https://www.saudiexchange.sa/wps/portal/saudiexchange/hidden/company-profile-main/%21ut/p/z1/04_Sj9CPykssy0xPLMnMz0vMAfIjo8ziTR3NDIw8LAz83d2MXA0C3SydAl1c3Q0NvE30I4EKzBEKDMKcTQzMDPxN3H19LAzdTU31w8syU8v1wwkpK8hOMgUA-oskdg%21%21/?companySymbol=1211,official
1301,أسلاك,Aslak,main,السلع الرأسمالية,Industrial Products,capital_goods,industrial_development,official,Official Saudi Exchange company profile link added.,2026-06-28,https://www.saudiexchange.sa/wps/portal/saudiexchange/hidden/company-profile-main/%21ut/p/z1/04_Sj9CPykssy0xPLMnMz0vMAfIjo8ziTR3NDIw8LAz83d2MXA0C3SydAl1c3Q0NvE30I4EKzBEKDMKcTQzMDPxN3H19LAzdTU31w8syU8v1wwkpK8hOMgUA-oskdg%21%21/?companySymbol=1301,official
1302,بوان,Bawan,main,السلع الرأسمالية,Industrial Products,capital_goods,industrial_development,official,Official Saudi Exchange company profile link added.,2026-06-28,https://www.saudiexchange.sa/wps/portal/saudiexchange/hidden/company-profile-main/%21ut/p/z1/04_Sj9CPykssy0xPLMnMz0vMAfIjo8ziTR3NDIw8LAz83d2MXA0C3SydAl1c3Q0NvE30I4EKzBEKDMKcTQzMDPxN3H19LAzdTU31w8syU8v1wwkpK8hOMgUA-oskdg%21%21/?companySymbol=1302,official
1303,صناعات كهربائية,Electrical Industries,main,السلع الرأسمالية,Electrical Equipment,capital_goods,industrial_development,official,Official Saudi Exchange company profile link added.,2026-06-28,https://www.saudiexchange.sa/wps/portal/saudiexchange/hidden/company-profile-main/%21ut/p/z1/04_Sj9CPykssy0xPLMnMz0vMAfIjo8ziTR3NDIw8LAz83d2MXA0C3SydAl1c3Q0NvE30I4EKzBEKDMKcTQzMDPxN3H19LAzdTU31w8syU8v1wwkpK8hOMgUA-oskdg%21%21/?companySymbol=1303,official
1304,شركة اليمامة للصناعات الحديدية,Al Yamamah Steel Industries Co.,M,السلع الرأسمالية,,capital_goods,unclassified,official,Official Saudi Exchange company profile link added.,2026-06-28,https://www.saudiexchange.sa/wps/portal/saudiexchange/hidden/company-profile-main/%21ut/p/z1/04_Sj9CPykssy0xPLMnMz0vMAfIjo8ziTR3NDIw8LAz83d2MXA0C3SydAl1c3Q0NvE30I4EKzBEKDMKcTQzMDPxN3H19LAzdTU31w8syU8v1wwkpK8hOMgUA-oskdg%21%21/?companySymbol=1304,official
1320,الشركة السعودية لأنابيب الصلب,Saudi Steel Pipe Co.,M,السلع الرأسمالية,,capital_goods,unclassified,official,Official Saudi Exchange company profile link added.,2026-06-28,https://www.saudiexchange.sa/wps/portal/saudiexchange/hidden/company-profile-main/%21ut/p/z1/04_Sj9CPykssy0xPLMnMz0vMAfIjo8ziTR3NDIw8LAz83d2MXA0C3SydAl1c3Q0NvE30I4EKzBEKDMKcTQzMDPxN3H19LAzdTU31w8syU8v1wwkpK8hOMgUA-oskdg%21%21/?companySymbol=1320,official
1321,شركة أنابيب الشرق المتكاملة للصناعة,East Pipes Integrated Company for Industry,M,السلع الرأسمالية,,capital_goods,unclassified,official,Official Saudi Exchange company profile link added.,2026-06-28,https://www.saudiexchange.sa/wps/portal/saudiexchange/hidden/company-profile-main/%21ut/p/z1/04_Sj9CPykssy0xPLMnMz0vMAfIjo8ziTR3NDIw8LAz83d2MXA0C3SydAl1c3Q0NvE30I4EKzBEKDMKcTQzMDPxN3H19LAzdTU31w8syU8v1wwkpK8hOMgUA-oskdg%21%21/?companySymbol=1321,official
1322,أماك,AMAK,main,المواد الأساسية,Mining,basic_materials,industrial_development,official,Official Saudi Exchange company profile link added.,2026-06-28,https://www.saudiexchange.sa/wps/portal/saudiexchange/hidden/company-profile-main/%21ut/p/z1/04_Sj9CPykssy0xPLMnMz0vMAfIjo8ziTR3NDIw8LAz83d2MXA0C3SydAl1c3Q0NvE30I4EKzBEKDMKcTQzMDPxN3H19LAzdTU31w8syU8v1wwkpK8hOMgUA-oskdg%21%21/?companySymbol=1322,official
1323,الشركة المتحدة لصناعات الكرتون,United Carton Industries Co.,M,السلع الرأسمالية,,capital_goods,unclassified,official,Official Saudi Exchange company profile link added.,2026-06-28,https://www.saudiexchange.sa/wps/portal/saudiexchange/hidden/company-profile-main/%21ut/p/z1/04_Sj9CPykssy0xPLMnMz0vMAfIjo8ziTR3NDIw8LAz83d2MXA0C3SydAl1c3Q0NvE30I4EKzBEKDMKcTQzMDPxN3H19LAzdTU31w8syU8v1wwkpK8hOMgUA-oskdg%21%21/?companySymbol=1323,official
1830,لجام للرياضة,Leejam Sports,main,الخدمات الاستهلاكية,Fitness & Wellness,consumer_services,quality_of_life_and_retail,official,Official Saudi Exchange company profile link added.,2026-06-28,https://www.saudiexchange.sa/wps/portal/saudiexchange/hidden/company-profile-main/%21ut/p/z1/04_Sj9CPykssy0xPLMnMz0vMAfIjo8ziTR3NDIw8LAz83d2MXA0C3SydAl1c3Q0NvE30I4EKzBEKDMKcTQzMDPxN3H19LAzdTU31w8syU8v1wwkpK8hOMgUA-oskdg%21%21/?companySymbol=1830,official
1831,مهارة,Maharah,main,الخدمات التجارية والمهنية,Human Resources,commercial_services,labor_market_and_services,official,Official Saudi Exchange company profile link added.,2026-06-28,https://www.saudiexchange.sa/wps/portal/saudiexchange/hidden/company-profile-main/%21ut/p/z1/04_Sj9CPykssy0xPLMnMz0vMAfIjo8ziTR3NDIw8LAz83d2MXA0C3SydAl1c3Q0NvE30I4EKzBEKDMKcTQzMDPxN3H19LAzdTU31w8syU8v1wwkpK8hOMgUA-oskdg%21%21/?companySymbol=1831,official
1832,صدر,Sadr Logistics,main,النقل,Logistics,transportation_logistics,logistics_and_transport,official,Official Saudi Exchange company profile link added.,2026-06-28,https://www.saudiexchange.sa/wps/portal/saudiexchange/hidden/company-profile-main/%21ut/p/z1/04_Sj9CPykssy0xPLMnMz0vMAfIjo8ziTR3NDIw8LAz83d2MXA0C3SydAl1c3Q0NvE30I4EKzBEKDMKcTQzMDPxN3H19LAzdTU31w8syU8v1wwkpK8hOMgUA-oskdg%21%21/?companySymbol=1832,official
1833,الموارد,Al Mawarid,main,الخدمات التجارية والمهنية,Human Resources,commercial_services,labor_market_and_services,official,Official Saudi Exchange company profile link added.,2026-06-28,https://www.saudiexchange.sa/wps/portal/saudiexchange/hidden/company-profile-main/%21ut/p/z1/04_Sj9CPykssy0xPLMnMz0vMAfIjo8ziTR3NDIw8LAz83d2MXA0C3SydAl1c3Q0NvE30I4EKzBEKDMKcTQzMDPxN3H19LAzdTU31w8syU8v1wwkpK8hOMgUA-oskdg%21%21/?companySymbol=1833,official
2001,شركة كيمائيات الميثانول,Methanol Chemicals Co.,M,المواد الأساسية,,basic_materials,unclassified,official,Official Saudi Exchange company profile link added.,2026-06-28,https://www.saudiexchange.sa/wps/portal/saudiexchange/hidden/company-profile-main/%21ut/p/z1/04_Sj9CPykssy0xPLMnMz0vMAfIjo8ziTR3NDIw8LAz83d2MXA0C3SydAl1c3Q0NvE30I4EKzBEKDMKcTQzMDPxN3H19LAzdTU31w8syU8v1wwkpK8hOMgUA-oskdg%21%21/?companySymbol=2001,official
2002,الشركة الوطنية للبتروكيماويات,National Petrochemical Co.,M,المواد الأساسية,,basic_materials,unclassified,official,Official Saudi Exchange company profile link added.,2026-06-28,https://www.saudiexchange.sa/wps/portal/saudiexchange/hidden/company-profile-main/%21ut/p/z1/04_Sj9CPykssy0xPLMnMz0vMAfIjo8ziTR3NDIw8LAz83d2MXA0C3SydAl1c3Q0NvE30I4EKzBEKDMKcTQzMDPxN3H19LAzdTU31w8syU8v1wwkpK8hOMgUA-oskdg%21%21/?companySymbol=2002,official
2010,سابك,SABIC,main,المواد الأساسية,Petrochemicals,basic_materials,industrial_development,official,Official Saudi Exchange company profile link added.,2026-06-28,https://www.saudiexchange.sa/wps/portal/saudiexchange/hidden/company-profile-main/%21ut/p/z1/04_Sj9CPykssy0xPLMnMz0vMAfIjo8ziTR3NDIw8LAz83d2MXA0C3SydAl1c3Q0NvE30I4EKzBEKDMKcTQzMDPxN3H19LAzdTU31w8syU8v1wwkpK8hOMgUA-oskdg%21%21/?companySymbol=2010,official
2020,سابك للمغذيات الزراعية,SABIC Agri-Nutrients,main,المواد الأساسية,Fertilizers,basic_materials,food_security_and_industry,official,Official Saudi Exchange company profile link added.,2026-06-28,https://www.saudiexchange.sa/wps/portal/saudiexchange/hidden/company-profile-main/%21ut/p/z1/04_Sj9CPykssy0xPLMnMz0vMAfIjo8ziTR3NDIw8LAz83d2MXA0C3SydAl1c3Q0NvE30I4EKzBEKDMKcTQzMDPxN3H19LAzdTU31w8syU8v1wwkpK8hOMgUA-oskdg%21%21/?companySymbol=2020,official
2040,الخزف السعودي,Saudi Ceramics,main,السلع الرأسمالية,Building Products,capital_goods,industrial_development,official,Official Saudi Exchange company profile link added.,2026-06-28,https://www.saudiexchange.sa/wps/portal/saudiexchange/hidden/company-profile-main/%21ut/p/z1/04_Sj9CPykssy0xPLMnMz0vMAfIjo8ziTR3NDIw8LAz83d2MXA0C3SydAl1c3Q0NvE30I4EKzBEKDMKcTQzMDPxN3H19LAzdTU31w8syU8v1wwkpK8hOMgUA-oskdg%21%21/?companySymbol=2040,official
2050,مجموعة صافولا,Savola Group,M,إنتاج الأغذية,,food_production,unclassified,official,Official Saudi Exchange company profile link added.,2026-06-28,https://www.saudiexchange.sa/wps/portal/saudiexchange/hidden/company-profile-main/%21ut/p/z1/04_Sj9CPykssy0xPLMnMz0vMAfIjo8ziTR3NDIw8LAz83d2MXA0C3SydAl1c3Q0NvE30I4EKzBEKDMKcTQzMDPxN3H19LAzdTU31w8syU8v1wwkpK8hOMgUA-oskdg%21%21/?companySymbol=2050,official
2060,شركة التصنيع الوطنية,National Industrialization Co.,M,المواد الأساسية,,basic_materials,unclassified,official,Official Saudi Exchange company profile link added.,2026-06-28,https://www.saudiexchange.sa/wps/portal/saudiexchange/hidden/company-profile-main/%21ut/p/z1/04_Sj9CPykssy0xPLMnMz0vMAfIjo8ziTR3NDIw8LAz83d2MXA0C3SydAl1c3Q0NvE30I4EKzBEKDMKcTQzMDPxN3H19LAzdTU31w8syU8v1wwkpK8hOMgUA-oskdg%21%21/?companySymbol=2060,official
2070,الشركة السعودية للصناعات الدوائية والمستلزمات الطبية,Saudi Pharmaceutical Industries and Medical Appliances Corp.,M,الرعاية الصحية,,healthcare,unclassified,official,Official Saudi Exchange company profile link added.,2026-06-28,https://www.saudiexchange.sa/wps/portal/saudiexchange/hidden/company-profile-main/%21ut/p/z1/04_Sj9CPykssy0xPLMnMz0vMAfIjo8ziTR3NDIw8LAz83d2MXA0C3SydAl1c3Q0NvE30I4EKzBEKDMKcTQzMDPxN3H19LAzdTU31w8syU8v1wwkpK8hOMgUA-oskdg%21%21/?companySymbol=2070,official
2082,أكوا باور,ACWA Power,main,المرافق العامة,Utilities,utilities,renewable_energy_and_utilities,official,Official Saudi Exchange company profile link added.,2026-06-28,https://www.saudiexchange.sa/wps/portal/saudiexchange/hidden/company-profile-main/%21ut/p/z1/04_Sj9CPykssy0xPLMnMz0vMAfIjo8ziTR3NDIw8LAz83d2MXA0C3SydAl1c3Q0NvE30I4EKzBEKDMKcTQzMDPxN3H19LAzdTU31w8syU8v1wwkpK8hOMgUA-oskdg%21%21/?companySymbol=2082,official
2083,مرافق,Marafiq,main,المرافق العامة,Utilities,utilities,utilities_and_infrastructure,official,Official Saudi Exchange company profile link added.,2026-06-28,https://www.saudiexchange.sa/wps/portal/saudiexchange/hidden/company-profile-main/%21ut/p/z1/04_Sj9CPykssy0xPLMnMz0vMAfIjo8ziTR3NDIw8LAz83d2MXA0C3SydAl1c3Q0NvE30I4EKzBEKDMKcTQzMDPxN3H19LAzdTU31w8syU8v1wwkpK8hOMgUA-oskdg%21%21/?companySymbol=2083,official
2090,شركة الجبس الأهلية,National Gypsum Co.,M,المواد الأساسية,,basic_materials,unclassified,official,Official Saudi Exchange company profile link added.,2026-06-28,https://www.saudiexchange.sa/wps/portal/saudiexchange/hidden/company-profile-main/%21ut/p/z1/04_Sj9CPykssy0xPLMnMz0vMAfIjo8ziTR3NDIw8LAz83d2MXA0C3SydAl1c3Q0NvE30I4EKzBEKDMKcTQzMDPxN3H19LAzdTU31w8syU8v1wwkpK8hOMgUA-oskdg%21%21/?companySymbol=2090,official
2100,شركة وفرة للصناعة والتنمية,Wafrah for Industry and Development Co.,M,إنتاج الأغذية,,food_production,unclassified,official,Official Saudi Exchange company profile link added.,2026-06-28,https://www.saudiexchange.sa/wps/portal/saudiexchange/hidden/company-profile-main/%21ut/p/z1/04_Sj9CPykssy0xPLMnMz0vMAfIjo8ziTR3NDIw8LAz83d2MXA0C3SydAl1c3Q0NvE30I4EKzBEKDMKcTQzMDPxN3H19LAzdTU31w8syU8v1wwkpK8hOMgUA-oskdg%21%21/?companySymbol=2100,official
2110,شركة الكابلات السعودية,Saudi Cable Co.,M,السلع الرأسمالية,,capital_goods,unclassified,official,Official Saudi Exchange company profile link added.,2026-06-28,https://www.saudiexchange.sa/wps/portal/saudiexchange/hidden/company-profile-main/%21ut/p/z1/04_Sj9CPykssy0xPLMnMz0vMAfIjo8ziTR3NDIw8LAz83d2MXA0C3SydAl1c3Q0NvE30I4EKzBEKDMKcTQzMDPxN3H19LAzdTU31w8syU8v1wwkpK8hOMgUA-oskdg%21%21/?companySymbol=2110,official
2150,شركة الصناعات الزجاجية الوطنية,The National Company for Glass Industries,M,المواد الأساسية,,basic_materials,unclassified,official,Official Saudi Exchange company profile link added.,2026-06-28,https://www.saudiexchange.sa/wps/portal/saudiexchange/hidden/company-profile-main/%21ut/p/z1/04_Sj9CPykssy0xPLMnMz0vMAfIjo8ziTR3NDIw8LAz83d2MXA0C3SydAl1c3Q0NvE30I4EKzBEKDMKcTQzMDPxN3H19LAzdTU31w8syU8v1wwkpK8hOMgUA-oskdg%21%21/?companySymbol=2150,official
2160,شركة أميانتيت العربية السعودية,Saudi Arabian Amiantit Co.,M,المواد الأساسية,,basic_materials,unclassified,official,Official Saudi Exchange company profile link added.,2026-06-28,https://www.saudiexchange.sa/wps/portal/saudiexchange/hidden/company-profile-main/%21ut/p/z1/04_Sj9CPykssy0xPLMnMz0vMAfIjo8ziTR3NDIw8LAz83d2MXA0C3SydAl1c3Q0NvE30I4EKzBEKDMKcTQzMDPxN3H19LAzdTU31w8syU8v1wwkpK8hOMgUA-oskdg%21%21/?companySymbol=2160,official
2170,شركة اللجين,Alujain Corp.,M,المواد الأساسية,,basic_materials,unclassified,official,Official Saudi Exchange company profile link added.,2026-06-28,https://www.saudiexchange.sa/wps/portal/saudiexchange/hidden/company-profile-main/%21ut/p/z1/04_Sj9CPykssy0xPLMnMz0vMAfIjo8ziTR3NDIw8LAz83d2MXA0C3SydAl1c3Q0NvE30I4EKzBEKDMKcTQzMDPxN3H19LAzdTU31w8syU8v1wwkpK8hOMgUA-oskdg%21%21/?companySymbol=2170,official
2200,الشركة العربية للأنابيب,Arabian Pipes Co.,M,المواد الأساسية,,basic_materials,unclassified,official,Official Saudi Exchange company profile link added.,2026-06-28,https://www.saudiexchange.sa/wps/portal/saudiexchange/hidden/company-profile-main/%21ut/p/z1/04_Sj9CPykssy0xPLMnMz0vMAfIjo8ziTR3NDIw8LAz83d2MXA0C3SydAl1c3Q0NvE30I4EKzBEKDMKcTQzMDPxN3H19LAzdTU31w8syU8v1wwkpK8hOMgUA-oskdg%21%21/?companySymbol=2200,official
2210,شركة نماء للكيماويات,Nama Chemicals Co.,M,المواد الأساسية,,basic_materials,unclassified,official,Official Saudi Exchange company profile link added.,2026-06-28,https://www.saudiexchange.sa/wps/portal/saudiexchange/hidden/company-profile-main/%21ut/p/z1/04_Sj9CPykssy0xPLMnMz0vMAfIjo8ziTR3NDIw8LAz83d2MXA0C3SydAl1c3Q0NvE30I4EKzBEKDMKcTQzMDPxN3H19LAzdTU31w8syU8v1wwkpK8hOMgUA-oskdg%21%21/?companySymbol=2210,official
2220,الشركة الوطنية لتصنيع وسبك المعادن,National Metal Manufacturing and Casting Co.,M,المواد الأساسية,,basic_materials,unclassified,official,Official Saudi Exchange company profile link added.,2026-06-28,https://www.saudiexchange.sa/wps/portal/saudiexchange/hidden/company-profile-main/%21ut/p/z1/04_Sj9CPykssy0xPLMnMz0vMAfIjo8ziTR3NDIw8LAz83d2MXA0C3SydAl1c3Q0NvE30I4EKzBEKDMKcTQzMDPxN3H19LAzdTU31w8syU8v1wwkpK8hOMgUA-oskdg%21%21/?companySymbol=2220,official
2222,أرامكو السعودية,Saudi Aramco,main,الطاقة,Oil & Gas,energy,energy,official,Official Saudi Exchange company profile link added.,2026-06-28,https://www.saudiexchange.sa/wps/portal/saudiexchange/hidden/company-profile-main/%21ut/p/z1/04_Sj9CPykssy0xPLMnMz0vMAfIjo8ziTR3NDIw8LAz83d2MXA0C3SydAl1c3Q0NvE30I4EKzBEKDMKcTQzMDPxN3H19LAzdTU31w8syU8v1wwkpK8hOMgUA-oskdg%21%21/?companySymbol=2222,official
2230,الشركة الكيميائية السعودية القابضة,Saudi Chemical Co.,M,المواد الأساسية,,basic_materials,unclassified,official,Official Saudi Exchange company profile link added.,2026-06-28,https://www.saudiexchange.sa/wps/portal/saudiexchange/hidden/company-profile-main/%21ut/p/z1/04_Sj9CPykssy0xPLMnMz0vMAfIjo8ziTR3NDIw8LAz83d2MXA0C3SydAl1c3Q0NvE30I4EKzBEKDMKcTQzMDPxN3H19LAzdTU31w8syU8v1wwkpK8hOMgUA-oskdg%21%21/?companySymbol=2230,official
2240,شركة صناعات البناء المتقدمة,Advanced Building Industries Co.,M,المواد الأساسية,,basic_materials,unclassified,official,Official Saudi Exchange company profile link added.,2026-06-28,https://www.saudiexchange.sa/wps/portal/saudiexchange/hidden/company-profile-main/%21ut/p/z1/04_Sj9CPykssy0xPLMnMz0vMAfIjo8ziTR3NDIw8LAz83d2MXA0C3SydAl1c3Q0NvE30I4EKzBEKDMKcTQzMDPxN3H19LAzdTU31w8syU8v1wwkpK8hOMgUA-oskdg%21%21/?companySymbol=2240,official
2250,المجموعة السعودية للإستثمار الصناعي,Saudi Industrial Investment Group,M,المواد الأساسية,,basic_materials,unclassified,official,Official Saudi Exchange company profile link added.,2026-06-28,https://www.saudiexchange.sa/wps/portal/saudiexchange/hidden/company-profile-main/%21ut/p/z1/04_Sj9CPykssy0xPLMnMz0vMAfIjo8ziTR3NDIw8LAz83d2MXA0C3SydAl1c3Q0NvE30I4EKzBEKDMKcTQzMDPxN3H19LAzdTU31w8syU8v1wwkpK8hOMgUA-oskdg%21%21/?companySymbol=2250,official
2260,شركة الصحراء للبتروكيماويات,Sahara Petrochemical Co.,M,المواد الأساسية,,basic_materials,unclassified,official,Official Saudi Exchange company profile link added.,2026-06-28,https://www.saudiexchange.sa/wps/portal/saudiexchange/hidden/company-profile-main/%21ut/p/z1/04_Sj9CPykssy0xPLMnMz0vMAfIjo8ziTR3NDIw8LAz83d2MXA0C3SydAl1c3Q0NvE30I4EKzBEKDMKcTQzMDPxN3H19LAzdTU31w8syU8v1wwkpK8hOMgUA-oskdg%21%21/?companySymbol=2260,official
2270,الشركة السعودية لمنتجات الألبان والأغذية,Saudia Dairy and Foodstuff Co.,M,إنتاج الأغذية,,food_production,unclassified,official,Official Saudi Exchange company profile link added.,2026-06-28,https://www.saudiexchange.sa/wps/portal/saudiexchange/hidden/company-profile-main/%21ut/p/z1/04_Sj9CPykssy0xPLMnMz0vMAfIjo8ziTR3NDIw8LAz83d2MXA0C3SydAl1c3Q0NvE30I4EKzBEKDMKcTQzMDPxN3H19LAzdTU31w8syU8v1wwkpK8hOMgUA-oskdg%21%21/?companySymbol=2270,official
2280,شركة المراعي,Almarai Co.,M,إنتاج الأغذية,,food_production,unclassified,official,Official Saudi Exchange company profile link added.,2026-06-28,https://www.saudiexchange.sa/wps/portal/saudiexchange/hidden/company-profile-main/%21ut/p/z1/04_Sj9CPykssy0xPLMnMz0vMAfIjo8ziTR3NDIw8LAz83d2MXA0C3SydAl1c3Q0NvE30I4EKzBEKDMKcTQzMDPxN3H19LAzdTU31w8syU8v1wwkpK8hOMgUA-oskdg%21%21/?companySymbol=2280,official
2281,شركة التنمية الغذائية,Tanmiah Food Co.,M,إنتاج الأغذية,,food_production,unclassified,official,Official Saudi Exchange company profile link added.,2026-06-28,https://www.saudiexchange.sa/wps/portal/saudiexchange/hidden/company-profile-main/%21ut/p/z1/04_Sj9CPykssy0xPLMnMz0vMAfIjo8ziTR3NDIw8LAz83d2MXA0C3SydAl1c3Q0NvE30I4EKzBEKDMKcTQzMDPxN3H19LAzdTU31w8syU8v1wwkpK8hOMgUA-oskdg%21%21/?companySymbol=2281,official
2282,شركة نقي للمياه,Naqi Water Co.,M,إنتاج الأغذية,,food_production,unclassified,official,Official Saudi Exchange company profile link added.,2026-06-28,https://www.saudiexchange.sa/wps/portal/saudiexchange/hidden/company-profile-main/%21ut/p/z1/04_Sj9CPykssy0xPLMnMz0vMAfIjo8ziTR3NDIw8LAz83d2MXA0C3SydAl1c3Q0NvE30I4EKzBEKDMKcTQzMDPxN3H19LAzdTU31w8syU8v1wwkpK8hOMgUA-oskdg%21%21/?companySymbol=2282,official
2283,شركة المطاحن الأولى,First Milling Co.,M,إنتاج الأغذية,,food_production,unclassified,official,Official Saudi Exchange company profile link added.,2026-06-28,https://www.saudiexchange.sa/wps/portal/saudiexchange/hidden/company-profile-main/%21ut/p/z1/04_Sj9CPykssy0xPLMnMz0vMAfIjo8ziTR3NDIw8LAz83d2MXA0C3SydAl1c3Q0NvE30I4EKzBEKDMKcTQzMDPxN3H19LAzdTU31w8syU8v1wwkpK8hOMgUA-oskdg%21%21/?companySymbol=2283,official
2284,شركة المطاحن الحديثة للمنتجات الغذائية,Modern Mills for Food Products Co.,M,إنتاج الأغذية,,food_production,unclassified,official,Official Saudi Exchange company profile link added.,2026-06-28,https://www.saudiexchange.sa/wps/portal/saudiexchange/hidden/company-profile-main/%21ut/p/z1/04_Sj9CPykssy0xPLMnMz0vMAfIjo8ziTR3NDIw8LAz83d2MXA0C3SydAl1c3Q0NvE30I4EKzBEKDMKcTQzMDPxN3H19LAzdTU31w8syU8v1wwkpK8hOMgUA-oskdg%21%21/?companySymbol=2284,official
2285,شركة المطاحن العربية للمنتجات الغذائية,Arabian Mills for Food Products Co.,M,إنتاج الأغذية,,food_production,unclassified,official,Official Saudi Exchange company profile link added.,2026-06-28,https://www.saudiexchange.sa/wps/portal/saudiexchange/hidden/company-profile-main/%21ut/p/z1/04_Sj9CPykssy0xPLMnMz0vMAfIjo8ziTR3NDIw8LAz83d2MXA0C3SydAl1c3Q0NvE30I4EKzBEKDMKcTQzMDPxN3H19LAzdTU31w8syU8v1wwkpK8hOMgUA-oskdg%21%21/?companySymbol=2285,official
2286,شركة المطاحن الرابعة,Fourth Milling Co.,M,إنتاج الأغذية,,food_production,unclassified,official,Official Saudi Exchange company profile link added.,2026-06-28,https://www.saudiexchange.sa/wps/portal/saudiexchange/hidden/company-profile-main/%21ut/p/z1/04_Sj9CPykssy0xPLMnMz0vMAfIjo8ziTR3NDIw8LAz83d2MXA0C3SydAl1c3Q0NvE30I4EKzBEKDMKcTQzMDPxN3H19LAzdTU31w8syU8v1wwkpK8hOMgUA-oskdg%21%21/?companySymbol=2286,official
2287,الشركة العربية للاستثمار الزراعي والصناعي,Arabian Company for Agricultural and Industrial Investment,M,إنتاج الأغذية,,food_production,unclassified,official,Official Saudi Exchange company profile link added.,2026-06-28,https://www.saudiexchange.sa/wps/portal/saudiexchange/hidden/company-profile-main/%21ut/p/z1/04_Sj9CPykssy0xPLMnMz0vMAfIjo8ziTR3NDIw8LAz83d2MXA0C3SydAl1c3Q0NvE30I4EKzBEKDMKcTQzMDPxN3H19LAzdTU31w8syU8v1wwkpK8hOMgUA-oskdg%21%21/?companySymbol=2287,official
2288,شركة نفوذ للمنتجات الغذائية,Nofoth Food Products Co.,M,إنتاج الأغذية,,food_production,unclassified,official,Official Saudi Exchange company profile link added.,2026-06-28,https://www.saudiexchange.sa/wps/portal/saudiexchange/hidden/company-profile-main/%21ut/p/z1/04_Sj9CPykssy0xPLMnMz0vMAfIjo8ziTR3NDIw8LAz83d2MXA0C3SydAl1c3Q0NvE30I4EKzBEKDMKcTQzMDPxN3H19LAzdTU31w8syU8v1wwkpK8hOMgUA-oskdg%21%21/?companySymbol=2288,official
2290,شركة ينبع الوطنية للبتروكيماويات,Yanbu National Petrochemical Co.,M,المواد الأساسية,,basic_materials,unclassified,official,Official Saudi Exchange company profile link added.,2026-06-28,https://www.saudiexchange.sa/wps/portal/saudiexchange/hidden/company-profile-main/%21ut/p/z1/04_Sj9CPykssy0xPLMnMz0vMAfIjo8ziTR3NDIw8LAz83d2MXA0C3SydAl1c3Q0NvE30I4EKzBEKDMKcTQzMDPxN3H19LAzdTU31w8syU8v1wwkpK8hOMgUA-oskdg%21%21/?companySymbol=2290,official
2300,الشركة السعودية لصناعة الورق,Saudi Paper Manufacturing Co.,M,المواد الأساسية,,basic_materials,unclassified,official,Official Saudi Exchange company profile link added.,2026-06-28,https://www.saudiexchange.sa/wps/portal/saudiexchange/hidden/company-profile-main/%21ut/p/z1/04_Sj9CPykssy0xPLMnMz0vMAfIjo8ziTR3NDIw8LAz83d2MXA0C3SydAl1c3Q0NvE30I4EKzBEKDMKcTQzMDPxN3H19LAzdTU31w8syU8v1wwkpK8hOMgUA-oskdg%21%21/?companySymbol=2300,official
2310,شركة الصحراء العالمية للبتروكيماويات,Sahara International Petrochemical Co.,M,المواد الأساسية,,basic_materials,unclassified,official,Official Saudi Exchange company profile link added.,2026-06-28,https://www.saudiexchange.sa/wps/portal/saudiexchange/hidden/company-profile-main/%21ut/p/z1/04_Sj9CPykssy0xPLMnMz0vMAfIjo8ziTR3NDIw8LAz83d2MXA0C3SydAl1c3Q0NvE30I4EKzBEKDMKcTQzMDPxN3H19LAzdTU31w8syU8v1wwkpK8hOMgUA-oskdg%21%21/?companySymbol=2310,official
2320,شركة البابطين للطاقة والإتصالات,Al-Babtain Power and Telecommunication Co.,M,السلع الرأسمالية,,capital_goods,unclassified,official,Official Saudi Exchange company profile link added.,2026-06-28,https://www.saudiexchange.sa/wps/portal/saudiexchange/hidden/company-profile-main/%21ut/p/z1/04_Sj9CPykssy0xPLMnMz0vMAfIjo8ziTR3NDIw8LAz83d2MXA0C3SydAl1c3Q0NvE30I4EKzBEKDMKcTQzMDPxN3H19LAzdTU31w8syU8v1wwkpK8hOMgUA-oskdg%21%21/?companySymbol=2320,official
2330,الشركة المتقدمة للبتروكيماويات,Advanced Petrochemical Co.,M,المواد الأساسية,,basic_materials,unclassified,official,Official Saudi Exchange company profile link added.,2026-06-28,https://www.saudiexchange.sa/wps/portal/saudiexchange/hidden/company-profile-main/%21ut/p/z1/04_Sj9CPykssy0xPLMnMz0vMAfIjo8ziTR3NDIw8LAz83d2MXA0C3SydAl1c3Q0NvE30I4EKzBEKDMKcTQzMDPxN3H19LAzdTU31w8syU8v1wwkpK8hOMgUA-oskdg%21%21/?companySymbol=2330,official
2350,شركة كيان السعودية للبتروكيماويات,Saudi Kayan Petrochemical Co.,M,المواد الأساسية,,basic_materials,unclassified,official,Official Saudi Exchange company profile link added.,2026-06-28,https://www.saudiexchange.sa/wps/portal/saudiexchange/hidden/company-profile-main/%21ut/p/z1/04_Sj9CPykssy0xPLMnMz0vMAfIjo8ziTR3NDIw8LAz83d2MXA0C3SydAl1c3Q0NvE30I4EKzBEKDMKcTQzMDPxN3H19LAzdTU31w8syU8v1wwkpK8hOMgUA-oskdg%21%21/?companySymbol=2350,official
2360,الشركة السعودية لإنتاج الأنابيب الفخارية,Saudi Vitrified Clay Pipes Co.,M,المواد الأساسية,,basic_materials,unclassified,official,Official Saudi Exchange company profile link added.,2026-06-28,https://www.saudiexchange.sa/wps/portal/saudiexchange/hidden/company-profile-main/%21ut/p/z1/04_Sj9CPykssy0xPLMnMz0vMAfIjo8ziTR3NDIw8LAz83d2MXA0C3SydAl1c3Q0NvE30I4EKzBEKDMKcTQzMDPxN3H19LAzdTU31w8syU8v1wwkpK8hOMgUA-oskdg%21%21/?companySymbol=2360,official
2370,شركة الشرق الأوسط للكابلات المتخصصة,Middle East Specialized Cables Co.,M,المواد الأساسية,,basic_materials,unclassified,official,Official Saudi Exchange company profile link added.,2026-06-28,https://www.saudiexchange.sa/wps/portal/saudiexchange/hidden/company-profile-main/%21ut/p/z1/04_Sj9CPykssy0xPLMnMz0vMAfIjo8ziTR3NDIw8LAz83d2MXA0C3SydAl1c3Q0NvE30I4EKzBEKDMKcTQzMDPxN3H19LAzdTU31w8syU8v1wwkpK8hOMgUA-oskdg%21%21/?companySymbol=2370,official
2380,بترو رابغ,Petro Rabigh,main,الطاقة,Refining & Petrochemicals,energy,energy,official,Official Saudi Exchange company profile link added.,2026-06-28,https://www.saudiexchange.sa/wps/portal/saudiexchange/hidden/company-profile-main/%21ut/p/z1/04_Sj9CPykssy0xPLMnMz0vMAfIjo8ziTR3NDIw8LAz83d2MXA0C3SydAl1c3Q0NvE30I4EKzBEKDMKcTQzMDPxN3H19LAzdTU31w8syU8v1wwkpK8hOMgUA-oskdg%21%21/?companySymbol=2380,official
2381,الحفر العربية,Arabian Drilling,main,الطاقة,Energy Equipment & Services,energy,energy,official,Official Saudi Exchange company profile link added.,2026-06-28,https://www.saudiexchange.sa/wps/portal/saudiexchange/hidden/company-profile-main/%21ut/p/z1/04_Sj9CPykssy0xPLMnMz0vMAfIjo8ziTR3NDIw8LAz83d2MXA0C3SydAl1c3Q0NvE30I4EKzBEKDMKcTQzMDPxN3H19LAzdTU31w8syU8v1wwkpK8hOMgUA-oskdg%21%21/?companySymbol=2381,official
2382,أديس,ADES,main,الطاقة,Energy Equipment & Services,energy,energy,official,Official Saudi Exchange company profile link added.,2026-06-28,https://www.saudiexchange.sa/wps/portal/saudiexchange/hidden/company-profile-main/%21ut/p/z1/04_Sj9CPykssy0xPLMnMz0vMAfIjo8ziTR3NDIw8LAz83d2MXA0C3SydAl1c3Q0NvE30I4EKzBEKDMKcTQzMDPxN3H19LAzdTU31w8syU8v1wwkpK8hOMgUA-oskdg%21%21/?companySymbol=2382,official
3001,شركة أسمنت حائل,Hail Cement Co.,M,المواد الأساسية,,basic_materials,unclassified,official,Official Saudi Exchange company profile link added.,2026-06-28,https://www.saudiexchange.sa/wps/portal/saudiexchange/hidden/company-profile-main/%21ut/p/z1/04_Sj9CPykssy0xPLMnMz0vMAfIjo8ziTR3NDIw8LAz83d2MXA0C3SydAl1c3Q0NvE30I4EKzBEKDMKcTQzMDPxN3H19LAzdTU31w8syU8v1wwkpK8hOMgUA-oskdg%21%21/?companySymbol=3001,official
3002,شركة أسمنت نجران,Najran Cement Co.,M,المواد الأساسية,,basic_materials,unclassified,official,Official Saudi Exchange company profile link added.,2026-06-28,https://www.saudiexchange.sa/wps/portal/saudiexchange/hidden/company-profile-main/%21ut/p/z1/04_Sj9CPykssy0xPLMnMz0vMAfIjo8ziTR3NDIw8LAz83d2MXA0C3SydAl1c3Q0NvE30I4EKzBEKDMKcTQzMDPxN3H19LAzdTU31w8syU8v1wwkpK8hOMgUA-oskdg%21%21/?companySymbol=3002,official
3003,شركة أسمنت المدينة,City Cement Co.,M,المواد الأساسية,,basic_materials,unclassified,official,Official Saudi Exchange company profile link added.,2026-06-28,https://www.saudiexchange.sa/wps/portal/saudiexchange/hidden/company-profile-main/%21ut/p/z1/04_Sj9CPykssy0xPLMnMz0vMAfIjo8ziTR3NDIw8LAz83d2MXA0C3SydAl1c3Q0NvE30I4EKzBEKDMKcTQzMDPxN3H19LAzdTU31w8syU8v1wwkpK8hOMgUA-oskdg%21%21/?companySymbol=3003,official
3004,شركة أسمنت المنطقة الشمالية,Northern Region Cement Co.,M,المواد الأساسية,,basic_materials,unclassified,official,Official Saudi Exchange company profile link added.,2026-06-28,https://www.saudiexchange.sa/wps/portal/saudiexchange/hidden/company-profile-main/%21ut/p/z1/04_Sj9CPykssy0xPLMnMz0vMAfIjo8ziTR3NDIw8LAz83d2MXA0C3SydAl1c3Q0NvE30I4EKzBEKDMKcTQzMDPxN3H19LAzdTU31w8syU8v1wwkpK8hOMgUA-oskdg%21%21/?companySymbol=3004,official
3005,شركة أسمنت ام القرى,Umm Al-Qura Cement Co.,M,المواد الأساسية,,basic_materials,unclassified,official,Official Saudi Exchange company profile link added.,2026-06-28,https://www.saudiexchange.sa/wps/portal/saudiexchange/hidden/company-profile-main/%21ut/p/z1/04_Sj9CPykssy0xPLMnMz0vMAfIjo8ziTR3NDIw8LAz83d2MXA0C3SydAl1c3Q0NvE30I4EKzBEKDMKcTQzMDPxN3H19LAzdTU31w8syU8v1wwkpK8hOMgUA-oskdg%21%21/?companySymbol=3005,official
3007,شركة زهرة الواحة للتجارة,Zahrat Al Waha for Trading Co.,M,المواد الأساسية,,basic_materials,unclassified,official,Official Saudi Exchange company profile link added.,2026-06-28,https://www.saudiexchange.sa/wps/portal/saudiexchange/hidden/company-profile-main/%21ut/p/z1/04_Sj9CPykssy0xPLMnMz0vMAfIjo8ziTR3NDIw8LAz83d2MXA0C3SydAl1c3Q0NvE30I4EKzBEKDMKcTQzMDPxN3H19LAzdTU31w8syU8v1wwkpK8hOMgUA-oskdg%21%21/?companySymbol=3007,official
3008,شركة الكثيري القابضة,Al Kathiri Holding Co.,M,المواد الأساسية,,basic_materials,unclassified,official,Official Saudi Exchange company profile link added.,2026-06-28,https://www.saudiexchange.sa/wps/portal/saudiexchange/hidden/company-profile-main/%21ut/p/z1/04_Sj9CPykssy0xPLMnMz0vMAfIjo8ziTR3NDIw8LAz83d2MXA0C3SydAl1c3Q0NvE30I4EKzBEKDMKcTQzMDPxN3H19LAzdTU31w8syU8v1wwkpK8hOMgUA-oskdg%21%21/?companySymbol=3008,official
3010,شركة الأسمنت العربية,Arabian Cement Co.,M,المواد الأساسية,,basic_materials,unclassified,official,Official Saudi Exchange company profile link added.,2026-06-28,https://www.saudiexchange.sa/wps/portal/saudiexchange/hidden/company-profile-main/%21ut/p/z1/04_Sj9CPykssy0xPLMnMz0vMAfIjo8ziTR3NDIw8LAz83d2MXA0C3SydAl1c3Q0NvE30I4EKzBEKDMKcTQzMDPxN3H19LAzdTU31w8syU8v1wwkpK8hOMgUA-oskdg%21%21/?companySymbol=3010,official
3020,شركة أسمنت اليمامة,Yamama Cement Co.,M,المواد الأساسية,,basic_materials,unclassified,official,Official Saudi Exchange company profile link added.,2026-06-28,https://www.saudiexchange.sa/wps/portal/saudiexchange/hidden/company-profile-main/%21ut/p/z1/04_Sj9CPykssy0xPLMnMz0vMAfIjo8ziTR3NDIw8LAz83d2MXA0C3SydAl1c3Q0NvE30I4EKzBEKDMKcTQzMDPxN3H19LAzdTU31w8syU8v1wwkpK8hOMgUA-oskdg%21%21/?companySymbol=3020,official
3030,شركة الأسمنت السعودية,Saudi Cement Co.,M,المواد الأساسية,,basic_materials,unclassified,official,Official Saudi Exchange company profile link added.,2026-06-28,https://www.saudiexchange.sa/wps/portal/saudiexchange/hidden/company-profile-main/%21ut/p/z1/04_Sj9CPykssy0xPLMnMz0vMAfIjo8ziTR3NDIw8LAz83d2MXA0C3SydAl1c3Q0NvE30I4EKzBEKDMKcTQzMDPxN3H19LAzdTU31w8syU8v1wwkpK8hOMgUA-oskdg%21%21/?companySymbol=3030,official
3040,شركة أسمنت القصيم,Qassim Cement Co.,M,المواد الأساسية,,basic_materials,unclassified,official,Official Saudi Exchange company profile link added.,2026-06-28,https://www.saudiexchange.sa/wps/portal/saudiexchange/hidden/company-profile-main/%21ut/p/z1/04_Sj9CPykssy0xPLMnMz0vMAfIjo8ziTR3NDIw8LAz83d2MXA0C3SydAl1c3Q0NvE30I4EKzBEKDMKcTQzMDPxN3H19LAzdTU31w8syU8v1wwkpK8hOMgUA-oskdg%21%21/?companySymbol=3040,official
3050,شركة أسمنت المنطقة الجنوبية,Southern Province Cement Co.,M,المواد الأساسية,,basic_materials,unclassified,official,Official Saudi Exchange company profile link added.,2026-06-28,https://www.saudiexchange.sa/wps/portal/saudiexchange/hidden/company-profile-main/%21ut/p/z1/04_Sj9CPykssy0xPLMnMz0vMAfIjo8ziTR3NDIw8LAz83d2MXA0C3SydAl1c3Q0NvE30I4EKzBEKDMKcTQzMDPxN3H19LAzdTU31w8syU8v1wwkpK8hOMgUA-oskdg%21%21/?companySymbol=3050,official
3060,شركة أسمنت ينبع,Yanbu Cement Co.,M,المواد الأساسية,,basic_materials,unclassified,official,Official Saudi Exchange company profile link added.,2026-06-28,https://www.saudiexchange.sa/wps/portal/saudiexchange/hidden/company-profile-main/%21ut/p/z1/04_Sj9CPykssy0xPLMnMz0vMAfIjo8ziTR3NDIw8LAz83d2MXA0C3SydAl1c3Q0NvE30I4EKzBEKDMKcTQzMDPxN3H19LAzdTU31w8syU8v1wwkpK8hOMgUA-oskdg%21%21/?companySymbol=3060,official
3080,شركة أسمنت المنطقة الشرقية,Eastern Province Cement Co.,M,المواد الأساسية,,basic_materials,unclassified,official,Official Saudi Exchange company profile link added.,2026-06-28,https://www.saudiexchange.sa/wps/portal/saudiexchange/hidden/company-profile-main/%21ut/p/z1/04_Sj9CPykssy0xPLMnMz0vMAfIjo8ziTR3NDIw8LAz83d2MXA0C3SydAl1c3Q0NvE30I4EKzBEKDMKcTQzMDPxN3H19LAzdTU31w8syU8v1wwkpK8hOMgUA-oskdg%21%21/?companySymbol=3080,official
3090,شركة أسمنت تبوك,Tabuk Cement Co.,M,المواد الأساسية,,basic_materials,unclassified,official,Official Saudi Exchange company profile link added.,2026-06-28,https://www.saudiexchange.sa/wps/portal/saudiexchange/hidden/company-profile-main/%21ut/p/z1/04_Sj9CPykssy0xPLMnMz0vMAfIjo8ziTR3NDIw8LAz83d2MXA0C3SydAl1c3Q0NvE30I4EKzBEKDMKcTQzMDPxN3H19LAzdTU31w8syU8v1wwkpK8hOMgUA-oskdg%21%21/?companySymbol=3090,official
3091,شركة أسمنت الجوف,Al Jouf Cement Co.,M,المواد الأساسية,,basic_materials,unclassified,official,Official Saudi Exchange company profile link added.,2026-06-28,https://www.saudiexchange.sa/wps/portal/saudiexchange/hidden/company-profile-main/%21ut/p/z1/04_Sj9CPykssy0xPLMnMz0vMAfIjo8ziTR3NDIw8LAz83d2MXA0C3SydAl1c3Q0NvE30I4EKzBEKDMKcTQzMDPxN3H19LAzdTU31w8syU8v1wwkpK8hOMgUA-oskdg%21%21/?companySymbol=3091,official
3092,شركة أسمنت الرياض,Riyadh Cement Co.,M,المواد الأساسية,,basic_materials,unclassified,official,Official Saudi Exchange company profile link added.,2026-06-28,https://www.saudiexchange.sa/wps/portal/saudiexchange/hidden/company-profile-main/%21ut/p/z1/04_Sj9CPykssy0xPLMnMz0vMAfIjo8ziTR3NDIw8LAz83d2MXA0C3SydAl1c3Q0NvE30I4EKzBEKDMKcTQzMDPxN3H19LAzdTU31w8syU8v1wwkpK8hOMgUA-oskdg%21%21/?companySymbol=3092,official
4001,أسواق عبدالله العثيم,Al Othaim Markets,main,تجزئة الأغذية,Food Retail,consumer_defensive,food_security_and_retail,official,Official Saudi Exchange company profile link added.,2026-06-28,https://www.saudiexchange.sa/wps/portal/saudiexchange/hidden/company-profile-main/%21ut/p/z1/04_Sj9CPykssy0xPLMnMz0vMAfIjo8ziTR3NDIw8LAz83d2MXA0C3SydAl1c3Q0NvE30I4EKzBEKDMKcTQzMDPxN3H19LAzdTU31w8syU8v1wwkpK8hOMgUA-oskdg%21%21/?companySymbol=4001,official
4002,المواساة,Mouwasat,main,الرعاية الصحية,Healthcare Services,healthcare,healthcare_quality,official,Official Saudi Exchange company profile link added.,2026-06-28,https://www.saudiexchange.sa/wps/portal/saudiexchange/hidden/company-profile-main/%21ut/p/z1/04_Sj9CPykssy0xPLMnMz0vMAfIjo8ziTR3NDIw8LAz83d2MXA0C3SydAl1c3Q0NvE30I4EKzBEKDMKcTQzMDPxN3H19LAzdTU31w8syU8v1wwkpK8hOMgUA-oskdg%21%21/?companySymbol=4002,official
4003,إكسترا,eXtra,main,تجزئة وتوزيع السلع الكمالية,Electronics Retail,consumer_retail,quality_of_life_and_retail,official,Official Saudi Exchange company profile link added.,2026-06-28,https://www.saudiexchange.sa/wps/portal/saudiexchange/hidden/company-profile-main/%21ut/p/z1/04_Sj9CPykssy0xPLMnMz0vMAfIjo8ziTR3NDIw8LAz83d2MXA0C3SydAl1c3Q0NvE30I4EKzBEKDMKcTQzMDPxN3H19LAzdTU31w8syU8v1wwkpK8hOMgUA-oskdg%21%21/?companySymbol=4003,official
4004,دله الصحية,Dallah Healthcare,main,الرعاية الصحية,Healthcare Services,healthcare,healthcare_quality,official,Official Saudi Exchange company profile link added.,2026-06-28,https://www.saudiexchange.sa/wps/portal/saudiexchange/hidden/company-profile-main/%21ut/p/z1/04_Sj9CPykssy0xPLMnMz0vMAfIjo8ziTR3NDIw8LAz83d2MXA0C3SydAl1c3Q0NvE30I4EKzBEKDMKcTQzMDPxN3H19LAzdTU31w8syU8v1wwkpK8hOMgUA-oskdg%21%21/?companySymbol=4004,official
4005,رعاية,Care,main,الرعاية الصحية,Healthcare Services,healthcare,healthcare_quality,official,Official Saudi Exchange company profile link added.,2026-06-28,https://www.saudiexchange.sa/wps/portal/saudiexchange/hidden/company-profile-main/%21ut/p/z1/04_Sj9CPykssy0xPLMnMz0vMAfIjo8ziTR3NDIw8LAz83d2MXA0C3SydAl1c3Q0NvE30I4EKzBEKDMKcTQzMDPxN3H19LAzdTU31w8syU8v1wwkpK8hOMgUA-oskdg%21%21/?companySymbol=4005,official
4006,الشركة السعودية للتسويق,Saudi Marketing Co.,M,تجزئة وتوزيع السلع الكمالية,,consumer_retail,unclassified,official,Official Saudi Exchange company profile link added.,2026-06-28,https://www.saudiexchange.sa/wps/portal/saudiexchange/hidden/company-profile-main/%21ut/p/z1/04_Sj9CPykssy0xPLMnMz0vMAfIjo8ziTR3NDIw8LAz83d2MXA0C3SydAl1c3Q0NvE30I4EKzBEKDMKcTQzMDPxN3H19LAzdTU31w8syU8v1wwkpK8hOMgUA-oskdg%21%21/?companySymbol=4006,official
4007,الحمادي,Al Hammadi,main,الرعاية الصحية,Healthcare Services,healthcare,healthcare_quality,official,Official Saudi Exchange company profile link added.,2026-06-28,https://www.saudiexchange.sa/wps/portal/saudiexchange/hidden/company-profile-main/%21ut/p/z1/04_Sj9CPykssy0xPLMnMz0vMAfIjo8ziTR3NDIw8LAz83d2MXA0C3SydAl1c3Q0NvE30I4EKzBEKDMKcTQzMDPxN3H19LAzdTU31w8syU8v1wwkpK8hOMgUA-oskdg%21%21/?companySymbol=4007,official
4008,الشركة السعودية للعدد والأدوات,Saudi Company for Hardware,M,تجزئة وتوزيع السلع الكمالية,,consumer_retail,unclassified,official,Official Saudi Exchange company profile link added.,2026-06-28,https://www.saudiexchange.sa/wps/portal/saudiexchange/hidden/company-profile-main/%21ut/p/z1/04_Sj9CPykssy0xPLMnMz0vMAfIjo8ziTR3NDIw8LAz83d2MXA0C3SydAl1c3Q0NvE30I4EKzBEKDMKcTQzMDPxN3H19LAzdTU31w8syU8v1wwkpK8hOMgUA-oskdg%21%21/?companySymbol=4008,official
4009,السعودي الألماني الصحية,Saudi German Health,main,الرعاية الصحية,Healthcare Services,healthcare,healthcare_quality,official,Official Saudi Exchange company profile link added.,2026-06-28,https://www.saudiexchange.sa/wps/portal/saudiexchange/hidden/company-profile-main/%21ut/p/z1/04_Sj9CPykssy0xPLMnMz0vMAfIjo8ziTR3NDIw8LAz83d2MXA0C3SydAl1c3Q0NvE30I4EKzBEKDMKcTQzMDPxN3H19LAzdTU31w8syU8v1wwkpK8hOMgUA-oskdg%21%21/?companySymbol=4009,official
4013,مجموعة سليمان الحبيب,Sulaiman Al Habib,main,الرعاية الصحية,Healthcare Services,healthcare,healthcare_quality,official,Official Saudi Exchange company profile link added.,2026-06-28,https://www.saudiexchange.sa/wps/portal/saudiexchange/hidden/company-profile-main/%21ut/p/z1/04_Sj9CPykssy0xPLMnMz0vMAfIjo8ziTR3NDIw8LAz83d2MXA0C3SydAl1c3Q0NvE30I4EKzBEKDMKcTQzMDPxN3H19LAzdTU31w8syU8v1wwkpK8hOMgUA-oskdg%21%21/?companySymbol=4013,official
4014,شركة دار المعدات الطبية والعلمية,Scientific and Medical Equipment House Co.,M,الرعاية الصحية,,healthcare,unclassified,official,Official Saudi Exchange company profile link added.,2026-06-28,https://www.saudiexchange.sa/wps/portal/saudiexchange/hidden/company-profile-main/%21ut/p/z1/04_Sj9CPykssy0xPLMnMz0vMAfIjo8ziTR3NDIw8LAz83d2MXA0C3SydAl1c3Q0NvE30I4EKzBEKDMKcTQzMDPxN3H19LAzdTU31w8syU8v1wwkpK8hOMgUA-oskdg%21%21/?companySymbol=4014,official
4015,شركة مصنع جمجوم للأدوية,Jamjoom Pharmaceuticals Factory Co.,M,الرعاية الصحية,,healthcare,unclassified,official,Official Saudi Exchange company profile link added.,2026-06-28,https://www.saudiexchange.sa/wps/portal/saudiexchange/hidden/company-profile-main/%21ut/p/z1/04_Sj9CPykssy0xPLMnMz0vMAfIjo8ziTR3NDIw8LAz83d2MXA0C3SydAl1c3Q0NvE30I4EKzBEKDMKcTQzMDPxN3H19LAzdTU31w8syU8v1wwkpK8hOMgUA-oskdg%21%21/?companySymbol=4015,official
4016,شركة الشرق الأوسط للصناعات الدوائية,Middle East Pharmaceutical Industries Co.,M,الرعاية الصحية,,healthcare,unclassified,official,Official Saudi Exchange company profile link added.,2026-06-28,https://www.saudiexchange.sa/wps/portal/saudiexchange/hidden/company-profile-main/%21ut/p/z1/04_Sj9CPykssy0xPLMnMz0vMAfIjo8ziTR3NDIw8LAz83d2MXA0C3SydAl1c3Q0NvE30I4EKzBEKDMKcTQzMDPxN3H19LAzdTU31w8syU8v1wwkpK8hOMgUA-oskdg%21%21/?companySymbol=4016,official
4017,فقيه الطبية,Fakeeh Care,main,الرعاية الصحية,Healthcare Services,healthcare,healthcare_quality,official,Official Saudi Exchange company profile link added.,2026-06-28,https://www.saudiexchange.sa/wps/portal/saudiexchange/hidden/company-profile-main/%21ut/p/z1/04_Sj9CPykssy0xPLMnMz0vMAfIjo8ziTR3NDIw8LAz83d2MXA0C3SydAl1c3Q0NvE30I4EKzBEKDMKcTQzMDPxN3H19LAzdTU31w8syU8v1wwkpK8hOMgUA-oskdg%21%21/?companySymbol=4017,official
4018,شركة الموسى الصحية,Almoosa Health Co.,M,الرعاية الصحية,,healthcare,unclassified,official,Official Saudi Exchange company profile link added.,2026-06-28,https://www.saudiexchange.sa/wps/portal/saudiexchange/hidden/company-profile-main/%21ut/p/z1/04_Sj9CPykssy0xPLMnMz0vMAfIjo8ziTR3NDIw8LAz83d2MXA0C3SydAl1c3Q0NvE30I4EKzBEKDMKcTQzMDPxN3H19LAzdTU31w8syU8v1wwkpK8hOMgUA-oskdg%21%21/?companySymbol=4018,official
4019,الشركة الطبية التخصصية,Specialized Medical Co.,M,الرعاية الصحية,,healthcare,unclassified,official,Official Saudi Exchange company profile link added.,2026-06-28,https://www.saudiexchange.sa/wps/portal/saudiexchange/hidden/company-profile-main/%21ut/p/z1/04_Sj9CPykssy0xPLMnMz0vMAfIjo8ziTR3NDIw8LAz83d2MXA0C3SydAl1c3Q0NvE30I4EKzBEKDMKcTQzMDPxN3H19LAzdTU31w8syU8v1wwkpK8hOMgUA-oskdg%21%21/?companySymbol=4019,official
4021,شركة مجمع المركز الكندي الطبي العام,Canadian Medical Center Co.,M,الرعاية الصحية,,healthcare,unclassified,official,Official Saudi Exchange company profile link added.,2026-06-28,https://www.saudiexchange.sa/wps/portal/saudiexchange/hidden/company-profile-main/%21ut/p/z1/04_Sj9CPykssy0xPLMnMz0vMAfIjo8ziTR3NDIw8LAz83d2MXA0C3SydAl1c3Q0NvE30I4EKzBEKDMKcTQzMDPxN3H19LAzdTU31w8syU8v1wwkpK8hOMgUA-oskdg%21%21/?companySymbol=4021,official
4030,البحري,Bahri,main,النقل,Marine Transportation,transportation_logistics,logistics_and_transport,official,Official Saudi Exchange company profile link added.,2026-06-28,https://www.saudiexchange.sa/wps/portal/saudiexchange/hidden/company-profile-main/%21ut/p/z1/04_Sj9CPykssy0xPLMnMz0vMAfIjo8ziTR3NDIw8LAz83d2MXA0C3SydAl1c3Q0NvE30I4EKzBEKDMKcTQzMDPxN3H19LAzdTU31w8syU8v1wwkpK8hOMgUA-oskdg%21%21/?companySymbol=4030,official
4031,الخدمات الأرضية,Saudi Ground Services,main,النقل,Airport Services,transportation_logistics,logistics_and_transport,official,Official Saudi Exchange company profile link added.,2026-06-28,https://www.saudiexchange.sa/wps/portal/saudiexchange/hidden/company-profile-main/%21ut/p/z1/04_Sj9CPykssy0xPLMnMz0vMAfIjo8ziTR3NDIw8LAz83d2MXA0C3SydAl1c3Q0NvE30I4EKzBEKDMKcTQzMDPxN3H19LAzdTU31w8syU8v1wwkpK8hOMgUA-oskdg%21%21/?companySymbol=4031,official
4050,الشركة السعودية لخدمات السيارات والمعدات,Saudi Automotive Services Co.,M,تجزئة وتوزيع السلع الكمالية,,consumer_retail,unclassified,official,Official Saudi Exchange company profile link added.,2026-06-28,https://www.saudiexchange.sa/wps/portal/saudiexchange/hidden/company-profile-main/%21ut/p/z1/04_Sj9CPykssy0xPLMnMz0vMAfIjo8ziTR3NDIw8LAz83d2MXA0C3SydAl1c3Q0NvE30I4EKzBEKDMKcTQzMDPxN3H19LAzdTU31w8syU8v1wwkpK8hOMgUA-oskdg%21%21/?companySymbol=4050,official
4051,شركة باعظيم التجارية,Baazeem Trading Co.,M,تجزئة وتوزيع السلع الكمالية,,consumer_retail,unclassified,official,Official Saudi Exchange company profile link added.,2026-06-28,https://www.saudiexchange.sa/wps/portal/saudiexchange/hidden/company-profile-main/%21ut/p/z1/04_Sj9CPykssy0xPLMnMz0vMAfIjo8ziTR3NDIw8LAz83d2MXA0C3SydAl1c3Q0NvE30I4EKzBEKDMKcTQzMDPxN3H19LAzdTU31w8syU8v1wwkpK8hOMgUA-oskdg%21%21/?companySymbol=4051,official
4081,شركة النايفات للتمويل,Nayifat Finance Co.,M,الخدمات المالية,,financial_services,unclassified,official,Official Saudi Exchange company profile link added.,2026-06-28,https://www.saudiexchange.sa/wps/portal/saudiexchange/hidden/company-profile-main/%21ut/p/z1/04_Sj9CPykssy0xPLMnMz0vMAfIjo8ziTR3NDIw8LAz83d2MXA0C3SydAl1c3Q0NvE30I4EKzBEKDMKcTQzMDPxN3H19LAzdTU31w8syU8v1wwkpK8hOMgUA-oskdg%21%21/?companySymbol=4081,official
4082,شركة المرابحة المرنة للتمويل,Morabaha Marina Financing Co.,M,الخدمات المالية,,financial_services,unclassified,official,Official Saudi Exchange company profile link added.,2026-06-28,https://www.saudiexchange.sa/wps/portal/saudiexchange/hidden/company-profile-main/%21ut/p/z1/04_Sj9CPykssy0xPLMnMz0vMAfIjo8ziTR3NDIw8LAz83d2MXA0C3SydAl1c3Q0NvE30I4EKzBEKDMKcTQzMDPxN3H19LAzdTU31w8syU8v1wwkpK8hOMgUA-oskdg%21%21/?companySymbol=4082,official
4084,شركة دراية المالية,Derayah Financial Co.,M,الخدمات المالية,,financial_services,unclassified,official,Official Saudi Exchange company profile link added.,2026-06-28,https://www.saudiexchange.sa/wps/portal/saudiexchange/hidden/company-profile-main/%21ut/p/z1/04_Sj9CPykssy0xPLMnMz0vMAfIjo8ziTR3NDIw8LAz83d2MXA0C3SydAl1c3Q0NvE30I4EKzBEKDMKcTQzMDPxN3H19LAzdTU31w8syU8v1wwkpK8hOMgUA-oskdg%21%21/?companySymbol=4084,official
4141,شركة العمران للصناعة والتجارة,Al-Omran Industrial Trading Co.,M,السلع الرأسمالية,,capital_goods,unclassified,official,Official Saudi Exchange company profile link added.,2026-06-28,https://www.saudiexchange.sa/wps/portal/saudiexchange/hidden/company-profile-main/%21ut/p/z1/04_Sj9CPykssy0xPLMnMz0vMAfIjo8ziTR3NDIw8LAz83d2MXA0C3SydAl1c3Q0NvE30I4EKzBEKDMKcTQzMDPxN3H19LAzdTU31w8syU8v1wwkpK8hOMgUA-oskdg%21%21/?companySymbol=4141,official
4142,شركة مجموعة كابلات الرياض,Riyadh Cables Group Co.,M,السلع الرأسمالية,,capital_goods,unclassified,official,Official Saudi Exchange company profile link added.,2026-06-28,https://www.saudiexchange.sa/wps/portal/saudiexchange/hidden/company-profile-main/%21ut/p/z1/04_Sj9CPykssy0xPLMnMz0vMAfIjo8ziTR3NDIw8LAz83d2MXA0C3SydAl1c3Q0NvE30I4EKzBEKDMKcTQzMDPxN3H19LAzdTU31w8syU8v1wwkpK8hOMgUA-oskdg%21%21/?companySymbol=4142,official
4143,شركة مجموعة التيسير تالكو الصناعية,Al Taiseer Group Talco Industrial Co.,M,السلع الرأسمالية,,capital_goods,unclassified,official,Official Saudi Exchange company profile link added.,2026-06-28,https://www.saudiexchange.sa/wps/portal/saudiexchange/hidden/company-profile-main/%21ut/p/z1/04_Sj9CPykssy0xPLMnMz0vMAfIjo8ziTR3NDIw8LAz83d2MXA0C3SydAl1c3Q0NvE30I4EKzBEKDMKcTQzMDPxN3H19LAzdTU31w8syU8v1wwkpK8hOMgUA-oskdg%21%21/?companySymbol=4143,official
4145,شركة العبيكان للزجاج,Obeikan Glass Co.,M,السلع الرأسمالية,,capital_goods,unclassified,official,Official Saudi Exchange company profile link added.,2026-06-28,https://www.saudiexchange.sa/wps/portal/saudiexchange/hidden/company-profile-main/%21ut/p/z1/04_Sj9CPykssy0xPLMnMz0vMAfIjo8ziTR3NDIw8LAz83d2MXA0C3SydAl1c3Q0NvE30I4EKzBEKDMKcTQzMDPxN3H19LAzdTU31w8syU8v1wwkpK8hOMgUA-oskdg%21%21/?companySymbol=4145,official
4146,شركة جاز العربية للخدمات,Gas Arabian Services Co.,M,السلع الرأسمالية,,capital_goods,unclassified,official,Official Saudi Exchange company profile link added.,2026-06-28,https://www.saudiexchange.sa/wps/portal/saudiexchange/hidden/company-profile-main/%21ut/p/z1/04_Sj9CPykssy0xPLMnMz0vMAfIjo8ziTR3NDIw8LAz83d2MXA0C3SydAl1c3Q0NvE30I4EKzBEKDMKcTQzMDPxN3H19LAzdTU31w8syU8v1wwkpK8hOMgUA-oskdg%21%21/?companySymbol=4146,official
4148,شركة الوسائل الصناعية,Alwasail Industrial Co.,M,السلع الرأسمالية,,capital_goods,unclassified,official,Official Saudi Exchange company profile link added.,2026-06-28,https://www.saudiexchange.sa/wps/portal/saudiexchange/hidden/company-profile-main/%21ut/p/z1/04_Sj9CPykssy0xPLMnMz0vMAfIjo8ziTR3NDIw8LAz83d2MXA0C3SydAl1c3Q0NvE30I4EKzBEKDMKcTQzMDPxN3H19LAzdTU31w8syU8v1wwkpK8hOMgUA-oskdg%21%21/?companySymbol=4148,official
4163,الدواء,Aldawaa,main,تجزئة وتوزيع السلع الكمالية,Pharmacy Retail,consumer_retail,healthcare_access,official,Official Saudi Exchange company profile link added.,2026-06-28,https://www.saudiexchange.sa/wps/portal/saudiexchange/hidden/company-profile-main/%21ut/p/z1/04_Sj9CPykssy0xPLMnMz0vMAfIjo8ziTR3NDIw8LAz83d2MXA0C3SydAl1c3Q0NvE30I4EKzBEKDMKcTQzMDPxN3H19LAzdTU31w8syU8v1wwkpK8hOMgUA-oskdg%21%21/?companySymbol=4163,official
4164,النهدي الطبية,Nahdi Medical,main,تجزئة وتوزيع السلع الكمالية,Pharmacy Retail,consumer_retail,healthcare_access,official,Official Saudi Exchange company profile link added.,2026-06-28,https://www.saudiexchange.sa/wps/portal/saudiexchange/hidden/company-profile-main/%21ut/p/z1/04_Sj9CPykssy0xPLMnMz0vMAfIjo8ziTR3NDIw8LAz83d2MXA0C3SydAl1c3Q0NvE30I4EKzBEKDMKcTQzMDPxN3H19LAzdTU31w8syU8v1wwkpK8hOMgUA-oskdg%21%21/?companySymbol=4164,official
4190,جرير,Jarir,main,تجزئة وتوزيع السلع الكمالية,Specialty Retail,consumer_retail,quality_of_life_and_retail,official,Official Saudi Exchange company profile link added.,2026-06-28,https://www.saudiexchange.sa/wps/portal/saudiexchange/hidden/company-profile-main/%21ut/p/z1/04_Sj9CPykssy0xPLMnMz0vMAfIjo8ziTR3NDIw8LAz83d2MXA0C3SydAl1c3Q0NvE30I4EKzBEKDMKcTQzMDPxN3H19LAzdTU31w8syU8v1wwkpK8hOMgUA-oskdg%21%21/?companySymbol=4190,official
4191,شركة عبد الله سعد محمد أبو معطي للمكتبات,Abdullah Saad Mohammed Abo Moati for Bookstores Co.,M,تجزئة وتوزيع السلع الكمالية,,consumer_retail,unclassified,official,Official Saudi Exchange company profile link added.,2026-06-28,https://www.saudiexchange.sa/wps/portal/saudiexchange/hidden/company-profile-main/%21ut/p/z1/04_Sj9CPykssy0xPLMnMz0vMAfIjo8ziTR3NDIw8LAz83d2MXA0C3SydAl1c3Q0NvE30I4EKzBEKDMKcTQzMDPxN3H19LAzdTU31w8syU8v1wwkpK8hOMgUA-oskdg%21%21/?companySymbol=4191,official
4192,شركة متاجر السيف للتنمية والاستثمار,AlSaif Stores for Development and Investment Co.,M,تجزئة وتوزيع السلع الكمالية,,consumer_retail,unclassified,official,Official Saudi Exchange company profile link added.,2026-06-28,https://www.saudiexchange.sa/wps/portal/saudiexchange/hidden/company-profile-main/%21ut/p/z1/04_Sj9CPykssy0xPLMnMz0vMAfIjo8ziTR3NDIw8LAz83d2MXA0C3SydAl1c3Q0NvE30I4EKzBEKDMKcTQzMDPxN3H19LAzdTU31w8syU8v1wwkpK8hOMgUA-oskdg%21%21/?companySymbol=4192,official
4193,شركة نايس ون بيوتي للتسويق الإلكتروني,Nice One Beauty Digital Marketing Co.,M,تجزئة وتوزيع السلع الكمالية,,consumer_retail,unclassified,official,Official Saudi Exchange company profile link added.,2026-06-28,https://www.saudiexchange.sa/wps/portal/saudiexchange/hidden/company-profile-main/%21ut/p/z1/04_Sj9CPykssy0xPLMnMz0vMAfIjo8ziTR3NDIw8LAz83d2MXA0C3SydAl1c3Q0NvE30I4EKzBEKDMKcTQzMDPxN3H19LAzdTU31w8syU8v1wwkpK8hOMgUA-oskdg%21%21/?companySymbol=4193,official
4194,شركة مجموعة منزل التسويق للتجارة,Marketing Home Group for Trading Co.,M,تجزئة وتوزيع السلع الكمالية,,consumer_retail,unclassified,official,Official Saudi Exchange company profile link added.,2026-06-28,https://www.saudiexchange.sa/wps/portal/saudiexchange/hidden/company-profile-main/%21ut/p/z1/04_Sj9CPykssy0xPLMnMz0vMAfIjo8ziTR3NDIw8LAz83d2MXA0C3SydAl1c3Q0NvE30I4EKzBEKDMKcTQzMDPxN3H19LAzdTU31w8syU8v1wwkpK8hOMgUA-oskdg%21%21/?companySymbol=4194,official
4240,شركة إيه إف جي إنترناشونال,AFG International Co.,M,تجزئة وتوزيع السلع الكمالية,,consumer_retail,unclassified,official,Official Saudi Exchange company profile link added.,2026-06-28,https://www.saudiexchange.sa/wps/portal/saudiexchange/hidden/company-profile-main/%21ut/p/z1/04_Sj9CPykssy0xPLMnMz0vMAfIjo8ziTR3NDIw8LAz83d2MXA0C3SydAl1c3Q0NvE30I4EKzBEKDMKcTQzMDPxN3H19LAzdTU31w8syU8v1wwkpK8hOMgUA-oskdg%21%21/?companySymbol=4240,official
4300,دار الأركان,Dar Al Arkan,main,إدارة وتطوير العقارات,Real Estate Development,real_estate,housing_and_real_estate,official,Official Saudi Exchange company profile link added.,2026-06-28,https://www.saudiexchange.sa/wps/portal/saudiexchange/hidden/company-profile-main/%21ut/p/z1/04_Sj9CPykssy0xPLMnMz0vMAfIjo8ziTR3NDIw8LAz83d2MXA0C3SydAl1c3Q0NvE30I4EKzBEKDMKcTQzMDPxN3H19LAzdTU31w8syU8v1wwkpK8hOMgUA-oskdg%21%21/?companySymbol=4300,official
4310,مدينة المعرفة,Knowledge City,main,إدارة وتطوير العقارات,Real Estate Development,real_estate,housing_and_real_estate,official,Official Saudi Exchange company profile link added.,2026-06-28,https://www.saudiexchange.sa/wps/portal/saudiexchange/hidden/company-profile-main/%21ut/p/z1/04_Sj9CPykssy0xPLMnMz0vMAfIjo8ziTR3NDIw8LAz83d2MXA0C3SydAl1c3Q0NvE30I4EKzBEKDMKcTQzMDPxN3H19LAzdTU31w8syU8v1wwkpK8hOMgUA-oskdg%21%21/?companySymbol=4310,official
4320,الأندلس,Al Andalus,main,إدارة وتطوير العقارات,Real Estate Management,real_estate,quality_of_life_and_retail,official,Official Saudi Exchange company profile link added.,2026-06-28,https://www.saudiexchange.sa/wps/portal/saudiexchange/hidden/company-profile-main/%21ut/p/z1/04_Sj9CPykssy0xPLMnMz0vMAfIjo8ziTR3NDIw8LAz83d2MXA0C3SydAl1c3Q0NvE30I4EKzBEKDMKcTQzMDPxN3H19LAzdTU31w8syU8v1wwkpK8hOMgUA-oskdg%21%21/?companySymbol=4320,official
4321,المراكز العربية,Arabian Centres,main,إدارة وتطوير العقارات,Real Estate Management,real_estate,quality_of_life_and_retail,official,Official Saudi Exchange company profile link added.,2026-06-28,https://www.saudiexchange.sa/wps/portal/saudiexchange/hidden/company-profile-main/%21ut/p/z1/04_Sj9CPykssy0xPLMnMz0vMAfIjo8ziTR3NDIw8LAz83d2MXA0C3SydAl1c3Q0NvE30I4EKzBEKDMKcTQzMDPxN3H19LAzdTU31w8syU8v1wwkpK8hOMgUA-oskdg%21%21/?companySymbol=4321,official
4322,رتال,Retal,main,إدارة وتطوير العقارات,Real Estate Development,real_estate,housing_and_real_estate,official,Official Saudi Exchange company profile link added.,2026-06-28,https://www.saudiexchange.sa/wps/portal/saudiexchange/hidden/company-profile-main/%21ut/p/z1/04_Sj9CPykssy0xPLMnMz0vMAfIjo8ziTR3NDIw8LAz83d2MXA0C3SydAl1c3Q0NvE30I4EKzBEKDMKcTQzMDPxN3H19LAzdTU31w8syU8v1wwkpK8hOMgUA-oskdg%21%21/?companySymbol=4322,official
6001,حلواني إخوان,Halwani Bros,main,إنتاج الأغذية,Food Production,food_production,food_security_and_industry,official,Official Saudi Exchange company profile link added.,2026-06-28,https://www.saudiexchange.sa/wps/portal/saudiexchange/hidden/company-profile-main/%21ut/p/z1/04_Sj9CPykssy0xPLMnMz0vMAfIjo8ziTR3NDIw8LAz83d2MXA0C3SydAl1c3Q0NvE30I4EKzBEKDMKcTQzMDPxN3H19LAzdTU31w8syU8v1wwkpK8hOMgUA-oskdg%21%21/?companySymbol=6001,official
6002,هرفي للأغذية,Herfy Food Services,main,الخدمات الاستهلاكية,Restaurants,consumer_services,quality_of_life_and_retail,official,Official Saudi Exchange company profile link added.,2026-06-28,https://www.saudiexchange.sa/wps/portal/saudiexchange/hidden/company-profile-main/%21ut/p/z1/04_Sj9CPykssy0xPLMnMz0vMAfIjo8ziTR3NDIw8LAz83d2MXA0C3SydAl1c3Q0NvE30I4EKzBEKDMKcTQzMDPxN3H19LAzdTU31w8syU8v1wwkpK8hOMgUA-oskdg%21%21/?companySymbol=6002,official
6010,نادك,NADEC,main,إنتاج الأغذية,Food Production,food_production,food_security_and_industry,official,Official Saudi Exchange company profile link added.,2026-06-28,https://www.saudiexchange.sa/wps/portal/saudiexchange/hidden/company-profile-main/%21ut/p/z1/04_Sj9CPykssy0xPLMnMz0vMAfIjo8ziTR3NDIw8LAz83d2MXA0C3SydAl1c3Q0NvE30I4EKzBEKDMKcTQzMDPxN3H19LAzdTU31w8syU8v1wwkpK8hOMgUA-oskdg%21%21/?companySymbol=6010,official
6020,جاكو,JACO,main,إنتاج الأغذية,Agriculture,food_production,food_security_and_industry,official,Official Saudi Exchange company profile link added.,2026-06-28,https://www.saudiexchange.sa/wps/portal/saudiexchange/hidden/company-profile-main/%21ut/p/z1/04_Sj9CPykssy0xPLMnMz0vMAfIjo8ziTR3NDIw8LAz83d2MXA0C3SydAl1c3Q0NvE30I4EKzBEKDMKcTQzMDPxN3H19LAzdTU31w8syU8v1wwkpK8hOMgUA-oskdg%21%21/?companySymbol=6020,official
6030,شركة حائل للتنمية الزراعية,Hail Agriculture Development Co.,M,إنتاج الأغذية,,food_production,unclassified,official,Official Saudi Exchange company profile link added.,2026-06-28,https://www.saudiexchange.sa/wps/portal/saudiexchange/hidden/company-profile-main/%21ut/p/z1/04_Sj9CPykssy0xPLMnMz0vMAfIjo8ziTR3NDIw8LAz83d2MXA0C3SydAl1c3Q0NvE30I4EKzBEKDMKcTQzMDPxN3H19LAzdTU31w8syU8v1wwkpK8hOMgUA-oskdg%21%21/?companySymbol=6030,official
6040,شركة تبوك للتنمية الزراعية,Tabuk Agricultural Development Co.,M,إنتاج الأغذية,,food_production,unclassified,official,Official Saudi Exchange company profile link added.,2026-06-28,https://www.saudiexchange.sa/wps/portal/saudiexchange/hidden/company-profile-main/%21ut/p/z1/04_Sj9CPykssy0xPLMnMz0vMAfIjo8ziTR3NDIw8LAz83d2MXA0C3SydAl1c3Q0NvE30I4EKzBEKDMKcTQzMDPxN3H19LAzdTU31w8syU8v1wwkpK8hOMgUA-oskdg%21%21/?companySymbol=6040,official
6050,الشركة السعودية للأسماك,Saudi Fisheries Co.,M,إنتاج الأغذية,,food_production,unclassified,official,Official Saudi Exchange company profile link added.,2026-06-28,https://www.saudiexchange.sa/wps/portal/saudiexchange/hidden/company-profile-main/%21ut/p/z1/04_Sj9CPykssy0xPLMnMz0vMAfIjo8ziTR3NDIw8LAz83d2MXA0C3SydAl1c3Q0NvE30I4EKzBEKDMKcTQzMDPxN3H19LAzdTU31w8syU8v1wwkpK8hOMgUA-oskdg%21%21/?companySymbol=6050,official
6060,شركة الشرقية للتنمية,Ash-Sharqiyah Development Co.,M,إنتاج الأغذية,,food_production,unclassified,official,Official Saudi Exchange company profile link added.,2026-06-28,https://www.saudiexchange.sa/wps/portal/saudiexchange/hidden/company-profile-main/%21ut/p/z1/04_Sj9CPykssy0xPLMnMz0vMAfIjo8ziTR3NDIw8LAz83d2MXA0C3SydAl1c3Q0NvE30I4EKzBEKDMKcTQzMDPxN3H19LAzdTU31w8syU8v1wwkpK8hOMgUA-oskdg%21%21/?companySymbol=6060,official
6070,شركة الجوف الزراعية,Al-Jouf Agricultural Development Co.,M,إنتاج الأغذية,,food_production,unclassified,official,Official Saudi Exchange company profile link added.,2026-06-28,https://www.saudiexchange.sa/wps/portal/saudiexchange/hidden/company-profile-main/%21ut/p/z1/04_Sj9CPykssy0xPLMnMz0vMAfIjo8ziTR3NDIw8LAz83d2MXA0C3SydAl1c3Q0NvE30I4EKzBEKDMKcTQzMDPxN3H19LAzdTU31w8syU8v1wwkpK8hOMgUA-oskdg%21%21/?companySymbol=6070,official
6080,شركة بيشة للتنمية الزراعية,Bishah Agricultural Development Co.,M,إنتاج الأغذية,,food_production,unclassified,official,Official Saudi Exchange company profile link added.,2026-06-28,https://www.saudiexchange.sa/wps/portal/saudiexchange/hidden/company-profile-main/%21ut/p/z1/04_Sj9CPykssy0xPLMnMz0vMAfIjo8ziTR3NDIw8LAz83d2MXA0C3SydAl1c3Q0NvE30I4EKzBEKDMKcTQzMDPxN3H19LAzdTU31w8syU8v1wwkpK8hOMgUA-oskdg%21%21/?companySymbol=6080,official
6090,شركة جازان للتنمية والاستثمار,Jazan Development and Investment Co.,M,إنتاج الأغذية,,food_production,unclassified,official,Official Saudi Exchange company profile link added.,2026-06-28,https://www.saudiexchange.sa/wps/portal/saudiexchange/hidden/company-profile-main/%21ut/p/z1/04_Sj9CPykssy0xPLMnMz0vMAfIjo8ziTR3NDIw8LAz83d2MXA0C3SydAl1c3Q0NvE30I4EKzBEKDMKcTQzMDPxN3H19LAzdTU31w8syU8v1wwkpK8hOMgUA-oskdg%21%21/?companySymbol=6090,official
7010,stc,stc,main,الاتصالات,Telecom,digital_infrastructure,digital_transformation,official,Official Saudi Exchange company profile link added.,2026-06-28,https://www.saudiexchange.sa/wps/portal/saudiexchange/hidden/company-profile-main/%21ut/p/z1/04_Sj9CPykssy0xPLMnMz0vMAfIjo8ziTR3NDIw8LAz83d2MXA0C3SydAl1c3Q0NvE30I4EKzBEKDMKcTQzMDPxN3H19LAzdTU31w8syU8v1wwkpK8hOMgUA-oskdg%21%21/?companySymbol=7010,official
7020,اتحاد اتصالات,Mobily,main,الاتصالات,Telecom,digital_infrastructure,digital_transformation,official,Official Saudi Exchange company profile link added.,2026-06-28,https://www.saudiexchange.sa/wps/portal/saudiexchange/hidden/company-profile-main/%21ut/p/z1/04_Sj9CPykssy0xPLMnMz0vMAfIjo8ziTR3NDIw8LAz83d2MXA0C3SydAl1c3Q0NvE30I4EKzBEKDMKcTQzMDPxN3H19LAzdTU31w8syU8v1wwkpK8hOMgUA-oskdg%21%21/?companySymbol=7020,official
7030,زين السعودية,Zain KSA,main,الاتصالات,Telecom,digital_infrastructure,digital_transformation,official,Official Saudi Exchange company profile link added.,2026-06-28,https://www.saudiexchange.sa/wps/portal/saudiexchange/hidden/company-profile-main/%21ut/p/z1/04_Sj9CPykssy0xPLMnMz0vMAfIjo8ziTR3NDIw8LAz83d2MXA0C3SydAl1c3Q0NvE30I4EKzBEKDMKcTQzMDPxN3H19LAzdTU31w8syU8v1wwkpK8hOMgUA-oskdg%21%21/?companySymbol=7030,official
7040,عذيب للاتصالات,GO Telecom,main,الاتصالات,Telecom,digital_infrastructure,digital_transformation,official,Official Saudi Exchange company profile link added.,2026-06-28,https://www.saudiexchange.sa/wps/portal/saudiexchange/hidden/company-profile-main/%21ut/p/z1/04_Sj9CPykssy0xPLMnMz0vMAfIjo8ziTR3NDIw8LAz83d2MXA0C3SydAl1c3Q0NvE30I4EKzBEKDMKcTQzMDPxN3H19LAzdTU31w8syU8v1wwkpK8hOMgUA-oskdg%21%21/?companySymbol=7040,official
7200,شركة المعمر لأنظمة المعلومات,Al Moammar Information Systems Co.,M,الاتصالات,,digital_infrastructure,unclassified,official,Official Saudi Exchange company profile link added.,2026-06-28,https://www.saudiexchange.sa/wps/portal/saudiexchange/hidden/company-profile-main/%21ut/p/z1/04_Sj9CPykssy0xPLMnMz0vMAfIjo8ziTR3NDIw8LAz83d2MXA0C3SydAl1c3Q0NvE30I4EKzBEKDMKcTQzMDPxN3H19LAzdTU31w8syU8v1wwkpK8hOMgUA-oskdg%21%21/?companySymbol=7200,official
7201,شركة بحر العرب لأنظمة المعلومات,Arab Sea Information System Co.,M,الاتصالات,,digital_infrastructure,unclassified,official,Official Saudi Exchange company profile link added.,2026-06-28,https://www.saudiexchange.sa/wps/portal/saudiexchange/hidden/company-profile-main/%21ut/p/z1/04_Sj9CPykssy0xPLMnMz0vMAfIjo8ziTR3NDIw8LAz83d2MXA0C3SydAl1c3Q0NvE30I4EKzBEKDMKcTQzMDPxN3H19LAzdTU31w8syU8v1wwkpK8hOMgUA-oskdg%21%21/?companySymbol=7201,official
7202,سلوشنز,solutions by stc,main,الاتصالات,Digital Services,digital_infrastructure,digital_transformation,official,Official Saudi Exchange company profile link added.,2026-06-28,https://www.saudiexchange.sa/wps/portal/saudiexchange/hidden/company-profile-main/%21ut/p/z1/04_Sj9CPykssy0xPLMnMz0vMAfIjo8ziTR3NDIw8LAz83d2MXA0C3SydAl1c3Q0NvE30I4EKzBEKDMKcTQzMDPxN3H19LAzdTU31w8syU8v1wwkpK8hOMgUA-oskdg%21%21/?companySymbol=7202,official
7203,شركة علم,Elm Co.,M,الاتصالات,,digital_infrastructure,unclassified,official,Official Saudi Exchange company profile link added.,2026-06-28,https://www.saudiexchange.sa/wps/portal/saudiexchange/hidden/company-profile-main/%21ut/p/z1/04_Sj9CPykssy0xPLMnMz0vMAfIjo8ziTR3NDIw8LAz83d2MXA0C3SydAl1c3Q0NvE30I4EKzBEKDMKcTQzMDPxN3H19LAzdTU31w8syU8v1wwkpK8hOMgUA-oskdg%21%21/?companySymbol=7203,official
7204,شركة العرض المتقن للخدمات التجارية,Perfect Presentation for Commercial Services Co.,M,الاتصالات,,digital_infrastructure,unclassified,official,Official Saudi Exchange company profile link added.,2026-06-28,https://www.saudiexchange.sa/wps/portal/saudiexchange/hidden/company-profile-main/%21ut/p/z1/04_Sj9CPykssy0xPLMnMz0vMAfIjo8ziTR3NDIw8LAz83d2MXA0C3SydAl1c3Q0NvE30I4EKzBEKDMKcTQzMDPxN3H19LAzdTU31w8syU8v1wwkpK8hOMgUA-oskdg%21%21/?companySymbol=7204,official
7205,شرکة دار البلد لحلول الأعمال,Dar Albalad for Business Solutions Co.,M,الاتصالات,,digital_infrastructure,unclassified,official,Official Saudi Exchange company profile link added.,2026-06-28,https://www.saudiexchange.sa/wps/portal/saudiexchange/hidden/company-profile-main/%21ut/p/z1/04_Sj9CPykssy0xPLMnMz0vMAfIjo8ziTR3NDIw8LAz83d2MXA0C3SydAl1c3Q0NvE30I4EKzBEKDMKcTQzMDPxN3H19LAzdTU31w8syU8v1wwkpK8hOMgUA-oskdg%21%21/?companySymbol=7205,official
7211,شركة عزم السعودية للاتصالات وتقنية المعلومات,Saudi Azm for Communication and Information Technology Co.,M,الاتصالات,,digital_infrastructure,unclassified,official,Official Saudi Exchange company profile link added.,2026-06-28,https://www.saudiexchange.sa/wps/portal/saudiexchange/hidden/company-profile-main/%21ut/p/z1/04_Sj9CPykssy0xPLMnMz0vMAfIjo8ziTR3NDIw8LAz83d2MXA0C3SydAl1c3Q0NvE30I4EKzBEKDMKcTQzMDPxN3H19LAzdTU31w8syU8v1wwkpK8hOMgUA-oskdg%21%21/?companySymbol=7211,official
8010,التعاونية,Tawuniya,main,التأمين,Insurance,insurance,financial_sector_development,official,Official Saudi Exchange company profile link added.,2026-06-28,https://www.saudiexchange.sa/wps/portal/saudiexchange/hidden/company-profile-main/%21ut/p/z1/04_Sj9CPykssy0xPLMnMz0vMAfIjo8ziTR3NDIw8LAz83d2MXA0C3SydAl1c3Q0NvE30I4EKzBEKDMKcTQzMDPxN3H19LAzdTU31w8syU8v1wwkpK8hOMgUA-oskdg%21%21/?companySymbol=8010,official
8012,شركة الجزيرة تكافل تعاوني,Aljazira Takaful Taawuni Co.,M,التأمين,,insurance,unclassified,official,Official Saudi Exchange company profile link added.,2026-06-28,https://www.saudiexchange.sa/wps/portal/saudiexchange/hidden/company-profile-main/%21ut/p/z1/04_Sj9CPykssy0xPLMnMz0vMAfIjo8ziTR3NDIw8LAz83d2MXA0C3SydAl1c3Q0NvE30I4EKzBEKDMKcTQzMDPxN3H19LAzdTU31w8syU8v1wwkpK8hOMgUA-oskdg%21%21/?companySymbol=8012,official
8020,شركة ملاذ للتأمين التعاوني,Malath Cooperative Insurance Co.,M,التأمين,,insurance,unclassified,official,Official Saudi Exchange company profile link added.,2026-06-28,https://www.saudiexchange.sa/wps/portal/saudiexchange/hidden/company-profile-main/%21ut/p/z1/04_Sj9CPykssy0xPLMnMz0vMAfIjo8ziTR3NDIw8LAz83d2MXA0C3SydAl1c3Q0NvE30I4EKzBEKDMKcTQzMDPxN3H19LAzdTU31w8syU8v1wwkpK8hOMgUA-oskdg%21%21/?companySymbol=8020,official
8030,ميدغلف للتأمين,MedGulf,main,التأمين,Insurance,insurance,financial_sector_development,official,Official Saudi Exchange company profile link added.,2026-06-28,https://www.saudiexchange.sa/wps/portal/saudiexchange/hidden/company-profile-main/%21ut/p/z1/04_Sj9CPykssy0xPLMnMz0vMAfIjo8ziTR3NDIw8LAz83d2MXA0C3SydAl1c3Q0NvE30I4EKzBEKDMKcTQzMDPxN3H19LAzdTU31w8syU8v1wwkpK8hOMgUA-oskdg%21%21/?companySymbol=8030,official
8040,شركة متكاملة للتأمين,Mutakamela Insurance Co.,M,التأمين,,insurance,unclassified,official,Official Saudi Exchange company profile link added.,2026-06-28,https://www.saudiexchange.sa/wps/portal/saudiexchange/hidden/company-profile-main/%21ut/p/z1/04_Sj9CPykssy0xPLMnMz0vMAfIjo8ziTR3NDIw8LAz83d2MXA0C3SydAl1c3Q0NvE30I4EKzBEKDMKcTQzMDPxN3H19LAzdTU31w8syU8v1wwkpK8hOMgUA-oskdg%21%21/?companySymbol=8040,official
8050,شركة سلامة للتأمين التعاوني,Salama Cooperative Insurance Co.,M,التأمين,,insurance,unclassified,official,Official Saudi Exchange company profile link added.,2026-06-28,https://www.saudiexchange.sa/wps/portal/saudiexchange/hidden/company-profile-main/%21ut/p/z1/04_Sj9CPykssy0xPLMnMz0vMAfIjo8ziTR3NDIw8LAz83d2MXA0C3SydAl1c3Q0NvE30I4EKzBEKDMKcTQzMDPxN3H19LAzdTU31w8syU8v1wwkpK8hOMgUA-oskdg%21%21/?companySymbol=8050,official
8060,ولاء,Walaa,main,التأمين,Insurance,insurance,financial_sector_development,official,Official Saudi Exchange company profile link added.,2026-06-28,https://www.saudiexchange.sa/wps/portal/saudiexchange/hidden/company-profile-main/%21ut/p/z1/04_Sj9CPykssy0xPLMnMz0vMAfIjo8ziTR3NDIw8LAz83d2MXA0C3SydAl1c3Q0NvE30I4EKzBEKDMKcTQzMDPxN3H19LAzdTU31w8syU8v1wwkpK8hOMgUA-oskdg%21%21/?companySymbol=8060,official
8070,شركة الدرع العربي للتأمين التعاوني,Arabian Shield Cooperative Insurance Co.,M,التأمين,,insurance,unclassified,official,Official Saudi Exchange company profile link added.,2026-06-28,https://www.saudiexchange.sa/wps/portal/saudiexchange/hidden/company-profile-main/%21ut/p/z1/04_Sj9CPykssy0xPLMnMz0vMAfIjo8ziTR3NDIw8LAz83d2MXA0C3SydAl1c3Q0NvE30I4EKzBEKDMKcTQzMDPxN3H19LAzdTU31w8syU8v1wwkpK8hOMgUA-oskdg%21%21/?companySymbol=8070,official
8100,الشركة العربية السعودية للتأمين التعاوني,Saudi Arabian Cooperative Insurance Co.,M,التأمين,,insurance,unclassified,official,Official Saudi Exchange company profile link added.,2026-06-28,https://www.saudiexchange.sa/wps/portal/saudiexchange/hidden/company-profile-main/%21ut/p/z1/04_Sj9CPykssy0xPLMnMz0vMAfIjo8ziTR3NDIw8LAz83d2MXA0C3SydAl1c3Q0NvE30I4EKzBEKDMKcTQzMDPxN3H19LAzdTU31w8syU8v1wwkpK8hOMgUA-oskdg%21%21/?companySymbol=8100,official
8120,شركة إتحاد الخليج الأهلية للتأمين التعاوني,Gulf Union Alahlia Cooperative Insurance Co.,M,التأمين,,insurance,unclassified,official,Official Saudi Exchange company profile link added.,2026-06-28,https://www.saudiexchange.sa/wps/portal/saudiexchange/hidden/company-profile-main/%21ut/p/z1/04_Sj9CPykssy0xPLMnMz0vMAfIjo8ziTR3NDIw8LAz83d2MXA0C3SydAl1c3Q0NvE30I4EKzBEKDMKcTQzMDPxN3H19LAzdTU31w8syU8v1wwkpK8hOMgUA-oskdg%21%21/?companySymbol=8120,official
8150,المجموعة المتحدة للتأمين التعاوني,Allied Cooperative Insurance Group,M,التأمين,,insurance,unclassified,official,Official Saudi Exchange company profile link added.,2026-06-28,https://www.saudiexchange.sa/wps/portal/saudiexchange/hidden/company-profile-main/%21ut/p/z1/04_Sj9CPykssy0xPLMnMz0vMAfIjo8ziTR3NDIw8LAz83d2MXA0C3SydAl1c3Q0NvE30I4EKzBEKDMKcTQzMDPxN3H19LAzdTU31w8syU8v1wwkpK8hOMgUA-oskdg%21%21/?companySymbol=8150,official
8160,شركة التأمين العربية التعاونية,Arabia Insurance Cooperative Co.,M,التأمين,,insurance,unclassified,official,Official Saudi Exchange company profile link added.,2026-06-28,https://www.saudiexchange.sa/wps/portal/saudiexchange/hidden/company-profile-main/%21ut/p/z1/04_Sj9CPykssy0xPLMnMz0vMAfIjo8ziTR3NDIw8LAz83d2MXA0C3SydAl1c3Q0NvE30I4EKzBEKDMKcTQzMDPxN3H19LAzdTU31w8syU8v1wwkpK8hOMgUA-oskdg%21%21/?companySymbol=8160,official
8170,شركة الاتحاد للتأمين التعاوني,Al-Etihad Cooperative Insurance Co.,M,التأمين,,insurance,unclassified,official,Official Saudi Exchange company profile link added.,2026-06-28,https://www.saudiexchange.sa/wps/portal/saudiexchange/hidden/company-profile-main/%21ut/p/z1/04_Sj9CPykssy0xPLMnMz0vMAfIjo8ziTR3NDIw8LAz83d2MXA0C3SydAl1c3Q0NvE30I4EKzBEKDMKcTQzMDPxN3H19LAzdTU31w8syU8v1wwkpK8hOMgUA-oskdg%21%21/?companySymbol=8170,official
8180,شركة الصقر للتأمين التعاوني,Al Sagr Cooperative Insurance Co.,M,التأمين,,insurance,unclassified,official,Official Saudi Exchange company profile link added.,2026-06-28,https://www.saudiexchange.sa/wps/portal/saudiexchange/hidden/company-profile-main/%21ut/p/z1/04_Sj9CPykssy0xPLMnMz0vMAfIjo8ziTR3NDIw8LAz83d2MXA0C3SydAl1c3Q0NvE30I4EKzBEKDMKcTQzMDPxN3H19LAzdTU31w8syU8v1wwkpK8hOMgUA-oskdg%21%21/?companySymbol=8180,official
8190,الشركة المتحدة للتأمين التعاوني,United Cooperative Assurance Co.,M,التأمين,,insurance,unclassified,official,Official Saudi Exchange company profile link added.,2026-06-28,https://www.saudiexchange.sa/wps/portal/saudiexchange/hidden/company-profile-main/%21ut/p/z1/04_Sj9CPykssy0xPLMnMz0vMAfIjo8ziTR3NDIw8LAz83d2MXA0C3SydAl1c3Q0NvE30I4EKzBEKDMKcTQzMDPxN3H19LAzdTU31w8syU8v1wwkpK8hOMgUA-oskdg%21%21/?companySymbol=8190,official
8200,الشركة السعودية لإعادة التأمين,Saudi Reinsurance Co.,M,التأمين,,insurance,unclassified,official,Official Saudi Exchange company profile link added.,2026-06-28,https://www.saudiexchange.sa/wps/portal/saudiexchange/hidden/company-profile-main/%21ut/p/z1/04_Sj9CPykssy0xPLMnMz0vMAfIjo8ziTR3NDIw8LAz83d2MXA0C3SydAl1c3Q0NvE30I4EKzBEKDMKcTQzMDPxN3H19LAzdTU31w8syU8v1wwkpK8hOMgUA-oskdg%21%21/?companySymbol=8200,official
8210,بوبا العربية,Bupa Arabia,main,التأمين,Insurance,insurance,healthcare_access,official,Official Saudi Exchange company profile link added.,2026-06-28,https://www.saudiexchange.sa/wps/portal/saudiexchange/hidden/company-profile-main/%21ut/p/z1/04_Sj9CPykssy0xPLMnMz0vMAfIjo8ziTR3NDIw8LAz83d2MXA0C3SydAl1c3Q0NvE30I4EKzBEKDMKcTQzMDPxN3H19LAzdTU31w8syU8v1wwkpK8hOMgUA-oskdg%21%21/?companySymbol=8210,official
8230,تكافل الراجحي,Al Rajhi Takaful,main,التأمين,Insurance,insurance,financial_sector_development,official,Official Saudi Exchange company profile link added.,2026-06-28,https://www.saudiexchange.sa/wps/portal/saudiexchange/hidden/company-profile-main/%21ut/p/z1/04_Sj9CPykssy0xPLMnMz0vMAfIjo8ziTR3NDIw8LAz83d2MXA0C3SydAl1c3Q0NvE30I4EKzBEKDMKcTQzMDPxN3H19LAzdTU31w8syU8v1wwkpK8hOMgUA-oskdg%21%21/?companySymbol=8230,official
8240,شركة تْشب العربية للتأمين التعاوني,CHUBB Arabia Cooperative Insurance Co.,M,التأمين,,insurance,unclassified,official,Official Saudi Exchange company profile link added.,2026-06-28,https://www.saudiexchange.sa/wps/portal/saudiexchange/hidden/company-profile-main/%21ut/p/z1/04_Sj9CPykssy0xPLMnMz0vMAfIjo8ziTR3NDIw8LAz83d2MXA0C3SydAl1c3Q0NvE30I4EKzBEKDMKcTQzMDPxN3H19LAzdTU31w8syU8v1wwkpK8hOMgUA-oskdg%21%21/?companySymbol=8240,official
8250,مجموعة الخليج للتأمين,Gulf Insurance Group,M,التأمين,,insurance,unclassified,official,Official Saudi Exchange company profile link added.,2026-06-28,https://www.saudiexchange.sa/wps/portal/saudiexchange/hidden/company-profile-main/%21ut/p/z1/04_Sj9CPykssy0xPLMnMz0vMAfIjo8ziTR3NDIw8LAz83d2MXA0C3SydAl1c3Q0NvE30I4EKzBEKDMKcTQzMDPxN3H19LAzdTU31w8syU8v1wwkpK8hOMgUA-oskdg%21%21/?companySymbol=8250,official
8260,الشركة الخليجية العامة للتأمين التعاوني,Gulf General Cooperative Insurance Co.,M,التأمين,,insurance,unclassified,official,Official Saudi Exchange company profile link added.,2026-06-28,https://www.saudiexchange.sa/wps/portal/saudiexchange/hidden/company-profile-main/%21ut/p/z1/04_Sj9CPykssy0xPLMnMz0vMAfIjo8ziTR3NDIw8LAz83d2MXA0C3SydAl1c3Q0NvE30I4EKzBEKDMKcTQzMDPxN3H19LAzdTU31w8syU8v1wwkpK8hOMgUA-oskdg%21%21/?companySymbol=8260,official
8270,شركة بروج للتأمين التعاوني,Buruj Cooperative Insurance Co.,M,التأمين,,insurance,unclassified,official,Official Saudi Exchange company profile link added.,2026-06-28,https://www.saudiexchange.sa/wps/portal/saudiexchange/hidden/company-profile-main/%21ut/p/z1/04_Sj9CPykssy0xPLMnMz0vMAfIjo8ziTR3NDIw8LAz83d2MXA0C3SydAl1c3Q0NvE30I4EKzBEKDMKcTQzMDPxN3H19LAzdTU31w8syU8v1wwkpK8hOMgUA-oskdg%21%21/?companySymbol=8270,official
8280,شركة ليفا للتأمين,LIVA Insurance Co.,M,التأمين,,insurance,unclassified,official,Official Saudi Exchange company profile link added.,2026-06-28,https://www.saudiexchange.sa/wps/portal/saudiexchange/hidden/company-profile-main/%21ut/p/z1/04_Sj9CPykssy0xPLMnMz0vMAfIjo8ziTR3NDIw8LAz83d2MXA0C3SydAl1c3Q0NvE30I4EKzBEKDMKcTQzMDPxN3H19LAzdTU31w8syU8v1wwkpK8hOMgUA-oskdg%21%21/?companySymbol=8280,official
8300,الشركة الوطنية للتأمين,Wataniya Insurance Co.,M,التأمين,,insurance,unclassified,official,Official Saudi Exchange company profile link added.,2026-06-28,https://www.saudiexchange.sa/wps/portal/saudiexchange/hidden/company-profile-main/%21ut/p/z1/04_Sj9CPykssy0xPLMnMz0vMAfIjo8ziTR3NDIw8LAz83d2MXA0C3SydAl1c3Q0NvE30I4EKzBEKDMKcTQzMDPxN3H19LAzdTU31w8syU8v1wwkpK8hOMgUA-oskdg%21%21/?companySymbol=8300,official
8310,شركة أمانة للتأمين التعاوني,Amana Cooperative Insurance Co.,M,التأمين,,insurance,unclassified,official,Official Saudi Exchange company profile link added.,2026-06-28,https://www.saudiexchange.sa/wps/portal/saudiexchange/hidden/company-profile-main/%21ut/p/z1/04_Sj9CPykssy0xPLMnMz0vMAfIjo8ziTR3NDIw8LAz83d2MXA0C3SydAl1c3Q0NvE30I4EKzBEKDMKcTQzMDPxN3H19LAzdTU31w8syU8v1wwkpK8hOMgUA-oskdg%21%21/?companySymbol=8310,official
8311,شركة عناية السعودية للتأمين التعاوني,Saudi Enaya Cooperative Insurance Co.,M,التأمين,,insurance,unclassified,official,Official Saudi Exchange company profile link added.,2026-06-28,https://www.saudiexchange.sa/wps/portal/saudiexchange/hidden/company-profile-main/%21ut/p/z1/04_Sj9CPykssy0xPLMnMz0vMAfIjo8ziTR3NDIw8LAz83d2MXA0C3SydAl1c3Q0NvE30I4EKzBEKDMKcTQzMDPxN3H19LAzdTU31w8syU8v1wwkpK8hOMgUA-oskdg%21%21/?companySymbol=8311,official
8312,شركة الإنماء طوكيو مارين,Alinma Tokio Marine Co.,M,التأمين,,insurance,unclassified,official,Official Saudi Exchange company profile link added.,2026-06-28,https://www.saudiexchange.sa/wps/portal/saudiexchange/hidden/company-profile-main/%21ut/p/z1/04_Sj9CPykssy0xPLMnMz0vMAfIjo8ziTR3NDIw8LAz83d2MXA0C3SydAl1c3Q0NvE30I4EKzBEKDMKcTQzMDPxN3H19LAzdTU31w8syU8v1wwkpK8hOMgUA-oskdg%21%21/?companySymbol=8312,official
8313,شركة رسن لتقنية المعلومات,Rasan Information Technology Co.,M,التأمين,,insurance,unclassified,official,Official Saudi Exchange company profile link added.,2026-06-28,https://www.saudiexchange.sa/wps/portal/saudiexchange/hidden/company-profile-main/%21ut/p/z1/04_Sj9CPykssy0xPLMnMz0vMAfIjo8ziTR3NDIw8LAz83d2MXA0C3SydAl1c3Q0NvE30I4EKzBEKDMKcTQzMDPxN3H19LAzdTU31w8syU8v1wwkpK8hOMgUA-oskdg%21%21/?companySymbol=8313,official
